date,country,ticker,company_name,close,market_cap,investment_priority_score,long_future_score,leading_supply_score,foreign_flow_investment_score,future_industry_theme,core_basis,forward_per,forward_peg,revenue_growth_yoy,revenue_growth_qoq,eps_growth_yoy,eps_growth_qoq,expected_revenue_growth,expected_eps_growth,fcf_margin,roic,target_upside_pct,recent_report_broker,recent_report_title,report_link,supply_pattern,risk_penalty
2026-05-15,한국,002960,"Hankook Shell Oil Co., Ltd",580000.0,627899976969.0,6.38,4.8,6.4,0,Integrated Oil,거래량 급증 / 거래량 23.66배 / 기관 순매수 우위,13.02,,,,,,,,,,,,,https://markets.hankyung.com/consensus?searchWord=Hankook%20Shell%20Oil%20Co.%2C%20Ltd,기관 순매수 우위,0.0
2026-05-15,한국,214320,"INNOCEAN Worldwide, Inc.",20850.0,818000000000.0,6.28,3.8,7.7,10,Advertising/Marketing Services,거래량 급증 / 거래량 8.04배 / 외국인+기관 동반 순매수 / CX와 스포츠로 증명한 차별화된 성장성,7.27,,,,,,,,,,,이노션,CX와 스포츠로 증명한 차별화된 성장성,https://finance.naver.com/company_read.naver?nid=92891&page=1&searchType=itemCode&itemCode=214320,외국인+기관 동반 순매수,0.0
2026-05-15,한국,037460,"Samji Electronics Co., Ltd.",49650.0,577947752762.0,6.18,4.4,6.4,0,Electronics Distributors,거래량 급증 / 거래량 8.13배 / 기관 순매수 우위 / 통신기기 제조·전자부품 유통 기반 종합 기..,8.24,,,,,,,,,,,삼지전자,통신기기 제조·전자부품 유통 기반 종합 기..,https://finance.naver.com/company_read.naver?nid=86228&page=1&searchType=itemCode&itemCode=037460,기관 순매수 우위,0.0
2026-05-15,한국,111380,"DONG IN ENTECH Co.,Ltd.",14110.0,77274409103.0,6.08,3.4,8.24,10,Home Furnishings,거래량 급증 / 거래량 7.89배 / 외국인+기관 동반 순매수 / 외형 회복과 마진 동반 개선 구간으로,7.09,,,,,,,,,,,동인기연,외형 회복과 마진 동반 개선 구간으로,https://finance.naver.com/company_read.naver?nid=88453&page=1&searchType=itemCode&itemCode=111380,외국인+기관 동반 순매수,0.0
2026-05-15,한국,069260,"TKG Huchems Co.,Ltd.",20100.0,683385375061.0,5.88,3.8,6.4,10,Chemicals: Specialty,거래량 급증 / 거래량 9.90배 / 외국인 순매수 우위 / 호황이었던 2022년 Again!,10.29,,,,,,,,,,,TKG휴켐스,호황이었던 2022년 Again!,https://finance.naver.com/company_read.naver?nid=92475&page=1&searchType=itemCode&itemCode=069260,외국인 순매수 우위,0.0
2026-05-15,한국,001800,ORION Holdings Corporation,28300.0,1491885028076.0,5.58,3.2,6.4,10,Food: Specialty/Candy,거래량 급증 / 거래량 11.92배 / 외국인 순매수 우위 / 바이오에 대한 주목할 만한 성과,9.34,,,,,,,,,,,오리온홀딩스,바이오에 대한 주목할 만한 성과,https://finance.naver.com/company_read.naver?nid=86934&page=1&searchType=itemCode&itemCode=001800,외국인 순매수 우위,0.0
2026-05-15,한국,260970,"S&D Co., Ltd.",67000.0,167201171923.0,5.58,4.8,4.2,0,Food: Specialty/Candy,거래량 급증 / 거래량 8.10배 / 외국인+기관 순매도 / 오해세요,8.11,,,,,,,,,,,에스앤디,오해세요,https://finance.naver.com/company_read.naver?nid=84544&page=1&searchType=itemCode&itemCode=260970,외국인+기관 순매도,0.0
2026-05-15,한국,420570,"J2KBIO Co., Ltd.",10130.0,54907862377.0,5.26,3.4,6.04,10,Chemicals: Major Diversified,거래량 급증 / 거래량 9.54배 / 외국인 순매수 우위 / 고객사 다변화와 낮아진 기저,20.54,,,,,,,,,,,제이투케이바이오,고객사 다변화와 낮아진 기저,https://finance.naver.com/company_read.naver?nid=88887&page=1&searchType=itemCode&itemCode=420570,외국인 순매수 우위,0.0
2026-05-15,한국,005500,"Samjin Pharmaceutical Co., Ltd.",19510.0,272555615902.0,4.94,3.8,4.6,0,Pharmaceuticals: Major,거래량 급증 / 거래량 18.36배 / 기관 순매수 우위 / 50년 이상의 업력을 가진 완제 의약품 제조 ..,13.31,,,,,,,,,,,삼진제약,50년 이상의 업력을 가진 완제 의약품 제조 ..,https://finance.naver.com/company_read.naver?nid=73515&page=1&searchType=itemCode&itemCode=005500,기관 순매수 우위,0.0
2026-05-15,한국,084670,DONGYANG EXPRESS Corporation,65800.0,146625798178.0,4.68,3.2,6.4,10,Other Transportation,거래량 급증 / 거래량 89.21배 / 외국인 순매수 우위,54.88,,,,,,,,,,,,,https://markets.hankyung.com/consensus?searchWord=DONGYANG%20EXPRESS%20Corporation,외국인 순매수 우위,0.0
2026-05-15,한국,000050,KB RISE US SP500 Yen Hedged ETF(SYNTH H) Units,11975.0,,4.68,1.8,5.5,10,Investment Trusts/Mutual Funds,"거래량 급증 / 거래량 8.53배 / 외국인 순매수 우위 / 경성방직 100년의 결정, 타임스퀘어",5.62,,,,,,,,,,,경방,"경성방직 100년의 결정, 타임스퀘어",https://finance.naver.com/company_read.naver?nid=6656&page=1&searchType=itemCode&itemCode=000050,외국인 순매수 우위,0.0
2026-05-15,한국,000650,"Chunil Express Co., Ltd",330500.0,420980908871.0,4.58,2.8,4.2,0,Other Transportation,거래량 급증 / 거래량 78.82배 / 외국인+기관 순매도,13.5,,,,,,,,,,,,,https://markets.hankyung.com/consensus?searchWord=Chunil%20Express%20Co.%2C%20Ltd,외국인+기관 순매도,0.0
2026-05-15,한국,194700,"NOVAREX Co., Ltd.",17260.0,275830760536.0,4.58,2.8,4.2,0,Pharmaceuticals: Other,거래량 급증 / 거래량 7.68배,,,,,,,,,,,,,,,,0.0
2026-05-15,한국,008490,Suheung Co. Ltd.,21950.0,220158436775.0,4.58,2.8,4.2,0,Chemicals: Major Diversified,거래량 급증 / 거래량 6.40배,,,,,,,,,,,,,,,,0.0
2026-05-15,한국,340570,T&L Co. Ltd.,61800.0,443960604668.0,4.58,2.8,4.2,0,Chemicals: Specialty,거래량 급증 / 거래량 5.92배,,,,,,,,,,,,,,,,0.0
2026-05-15,한국,033240,"Jahwa Electronics Co., Ltd",55700.0,977804063797.0,4.58,2.8,4.2,0,Electronic Components,거래량 급증 / 거래량 5.91배,,,,,,,,,,,,,,,,0.0
2026-05-15,한국,052400,"KONA I CO., LTD.",70000.0,883277660751.0,4.58,2.8,4.2,0,Semiconductors,거래량 급증 / 거래량 5.57배,,,,,,,,,,,,,,,,0.0
2026-05-15,한국,090360,"Robostar Co., Ltd",88800.0,787800000000.0,4.48,2.8,6.4,0,Industrial Machinery,거래량 급증 / 거래량 8.71배 / 기관 순매수 우위 / 다양한 산업군의 공장 자동화를 위한 산업용 ..,120.35,,,,,,,,,,,로보스타,다양한 산업군의 공장 자동화를 위한 산업용 ..,https://finance.naver.com/company_read.naver?nid=85102&page=1&searchType=itemCode&itemCode=090360,기관 순매수 우위,0.0
2026-05-15,한국,005180,"Binggrae Co., Ltd",77500.0,612035700703.0,4.42,2.8,3.84,0,Food: Meat/Fish/Dairy,거래량 급증 / 거래량 7.23배,,,,,,,,,,,,,,,,0.0
2026-05-15,한국,003690,Korean Reinsurance Company,13130.0,2155996673584.0002,4.26,2.8,3.64,0,Multi-Line Insurance,거래량 급증 / 거래량 4.97배,,,,,,,,,,,,,,,,0.0
2026-05-15,한국,003350,"Hankook Cosmetics Manufacturing Co., Ltd",10290.0,218400199203.0,4.18,2.8,3.3,0,Household/Personal Care,거래량 급증 / 거래량 5.48배,,,,,,,,,,,,,,,,0.0
2026-05-15,한국,111770,Youngone Corp.,89600.0,3417576993561.0,4.18,2.8,3.7,0,Apparel/Footwear,거래량 급증 / 거래량 2.28배,,,,,,,,,,,,,,,,0.0
2026-05-15,미국,FELTF,Fuji Electric Company Ltd.,98.44425,14061549486.342403,4.12,2.4,4.2,0,Electrical Products,거래량 급증 / 거래량 5.41배,,,,,,,,,,,,,,,,0.0
2026-05-15,한국,035900,JYP Entertainment Corp,63500.0,1954850566864.0,4.12,2.8,3.64,0,Movies/Entertainment,거래량 급증 / 거래량 4.60배,,,,,,,,,,,,,,,,0.0
2026-05-15,한국,031330,"SAMT Co., Ltd.",14300.0,1072995651245.0001,4.12,2.8,4.0,0,Semiconductors,거래량 급증 / 거래량 4.38배,,,,,,,,,,,,,,,,0.0
2026-05-15,미국,TKGSF,"Tokyo Gas Co., Ltd.",43.16,14394526472.16621,4.02,2.4,3.3,0,Gas Distributors,거래량 급증 / 거래량 16.42배,,,,,,,,,,,,,,,,0.0
2026-05-15,미국,REGCP,Regency Centers Corporation - 6.25% Series A Cumulative Redeemable Preferred Stock,23.63,14083805656.0,4.02,2.4,3.3,0,Real Estate Investment Trusts,거래량 급증 / 거래량 15.19배,,,,,,,,,,,,,,,,0.0
2026-05-15,미국,REGCO,Regency Centers Corporation - 5.875% Series B Cumulative Redeemable Preferred Stock,22.55,14083805656.0,4.02,2.4,3.3,0,Real Estate Investment Trusts,거래량 급증 / 거래량 11.61배,,,,,,,,,,,,,,,,0.0
2026-05-15,미국,BKZHY,Erste Bank Polska S.A,34.0,17117311400.878923,4.02,2.4,3.7,0,Regional Banks,거래량 급증 / 거래량 2.83배,,,,,,,,,,,,,,,,0.0
2026-05-15,한국,017940,E1 Corporation,102600.0,580487816048.0,4.02,2.8,3.1,0,Gas Distributors,거래량 급증 / 거래량 3.22배,,,,,,,,,,,,,,,,0.0
2026-05-15,한국,004370,"Nongshim Co., Ltd.",399000.0,2252331214666.0,4.02,2.8,3.1,0,Food: Specialty/Candy,거래량 급증 / 거래량 3.08배,,,,,,,,,,,,,,,,0.0
2026-05-15,한국,007340,DN AUTOMOTIVE CORPORATION,50900.0,2493799803543.0,4.02,2.8,3.34,0,Auto Parts: OEM,거래량 급증 / 거래량 2.89배,,,,,,,,,,,,,,,,0.0
2026-05-15,한국,011560,Sebo Manufacturing Engineering Corp.,23150.0,210502194214.0,4.02,2.8,3.34,0,Engineering & Construction,거래량 급증 / 거래량 2.41배,,,,,,,,,,,,,,,,0.0
2026-05-15,한국,005850,SL Corporation,71900.0,3008017866516.0,4.02,2.8,3.34,0,Auto Parts: OEM,거래량 급증 / 거래량 2.33배,,,,,,,,,,,,,,,,0.0
2026-05-15,미국,MBFJF,"Mitsubishi UFJ Financial Group, Inc.",19.0125,212597775000.0,3.88,2.8,3.3,0,Major Banks,거래량 급증 / 거래량 10.11배,,,,,,,,,,,,,,,,0.0
2026-05-15,미국,CHCLY,"Citizen Watch Co., Ltd.",68.94,3483862226.329716,3.88,1.8,4.2,0,Electronic Components,거래량 급증 / 거래량 7.58배,,,,,,,,,,,,,,,,0.0
2026-05-15,미국,TKCBY,Tokai Carbon Company Ltd.,37.65,2135731539.1193318,3.88,1.8,4.2,0,Electrical Products,거래량 급증 / 거래량 5.71배,,,,,,,,,,,,,,,,0.0
2026-05-15,미국,ITVPY,ITV Plc.,11.0499,4023020508.8679004,3.86,1.8,3.64,0,Movies/Entertainment,거래량 급증 / 거래량 4.91배,,,,,,,,,,,,,,,,0.0
2026-05-15,미국,EIPAF,ENI S.p.A.,29.3,85696569620.35625,3.82,2.4,4.2,0,Oil Refining/Marketing,거래량 급증 / 거래량 27.46배,,,,,,,,,,,,,,,,0.0
2026-05-15,미국,GGGSF,Greggs Plc.,22.285,2269039100.427358,3.78,1.8,3.7,0,Food: Specialty/Candy,거래량 급증 / 거래량 2.17배,,,,,,,,,,,,,,,,0.0
2026-05-15,한국,072710,"Nongshim Holdings Co., Ltd.",98200.0,440126290274.0,3.78,2.8,2.8,0,Food: Major Diversified,거래량 급증 / 거래량 2.46배,,,,,,,,,,,,,,,,0.0
2026-05-15,한국,001450,"Hyundai Marine & Fire Insurance Co., Ltd.",33350.0,2432105020523.0,3.78,2.8,2.8,0,Property/Casualty Insurance,거래량 급증 / 거래량 2.30배,,,,,,,,,,,,,,,,0.0
2026-05-15,한국,010780,"IS Dongseo Co., Ltd.",30400.0,871353715324.0,3.78,2.8,2.8,0,Engineering & Construction,거래량 급증 / 거래량 2.00배,,,,,,,,,,,,,,,,0.0
2026-05-15,미국,JUMSY,Jumbo SA,27.188,3408815565.02248,3.74,1.8,3.84,0,Specialty Stores,거래량 급증 / 거래량 9.68배,,,,,,,,,,,,,,,,0.0
2026-05-15,미국,AMH/PG,American Homes 4 Rent Series G cumulative redeemable perpetual preferred shares of beneficial interest,23.42,11408635901.0,3.72,2.4,3.3,0,Real Estate Investment Trusts,거래량 급증 / 거래량 5.24배,,,,,,,,,,,,,,,,0.0
2026-05-15,미국,NPTLF,NORTHAM PLATINUM HLDGS LTD.,24.0,9449389032.718437,3.72,1.8,4.0,0,Other Metals/Minerals,거래량 급증 / 거래량 4.89배,,,,,,,,,,,,,,,,0.0
2026-05-15,미국,STMZF,Scottish Mortgage Investment Trust PLC,19.7008,21206901586.5,3.72,2.4,3.1,0,Investment Trusts/Mutual Funds,거래량 급증 / 거래량 4.83배,,,,,,,,,,,,,,,,0.0
2026-05-15,한국,187870,"DEVICE CO.,Ltd",28100.0,367002962065.0,3.72,2.8,3.34,0,Industrial Machinery,거래량 급증 / 거래량 2.53배,,,,,,,,,,,,,,,,0.0
2026-05-15,한국,067310,Hana Micron Inc.,52900.0,2964304469299.0,3.68,2.8,4.2,0,Semiconductors,거래량 급증 / 거래량 6.78배,,,,,,,,,,,,,,,,0.0
2026-05-15,미국,TTNDF,Techtronic Industries Ltd.,17.45,31874326394.100662,3.66,2.4,4.0,0,Tools & Hardware,거래량 급증 / 거래량 4.20배,,,,,,,,,,,,,,,,0.0
2026-05-15,한국,024090,DCM Corp,12480.0,105696212845.0,3.64,2.8,2.8,0,Steel,거래량 급증 / 거래량 2.66배,,,,,,,,,,,,,,,,0.0
2026-05-15,미국,OROVY,Orient Overseas International Ltd.,89.8125,12221099254.153109,3.62,2.4,2.4,0,Marine Shipping,거래량 급증 / 거래량 26.80배,,,,,,,,,,,,,,,,0.0
2026-05-15,미국,PUPOF,Public Power Corporation of Greece,21.2,7828523649.448817,3.62,1.8,3.1,0,Electric Utilities,거래량 급증 / 거래량 3.94배,,,,,,,,,,,,,,,,0.0
2026-05-15,한국,007330,PUREUN SAVINGS BANK,11800.0,139914359665.0,3.62,2.8,2.2,0,Savings Banks,거래량 급증 / 거래량 3.16배,,,,,,,,,,,,,,,,0.0
2026-05-15,미국,LIFX,Life360 Inc.,14.27,3246129407.0000005,3.6,1.8,4.2,0,Packaged Software,거래량 급증 / 거래량 19.44배,,,,,,,,,,,,,,,,0.0
2026-05-15,미국,REGMF,Remegen Co Ltd.,12.85,9410168656.285715,3.58,1.8,4.2,0,Pharmaceuticals: Major,거래량 급증 / 거래량 5.08배,,,,,,,,,,,,,,,,0.0
2026-05-15,미국,PDRDF,Pernod Ricard S.A.,73.424,18448797241.739178,3.58,2.4,3.1,0,Beverages: Alcoholic,거래량 급증 / 거래량 4.62배,,,,,,,,,,,,,,,,0.0
2026-05-15,미국,FDVWF,Friedrich Vorwerk Group SE,97.25,1945000042.5211563,3.58,1.8,4.0,0,Oil & Gas Pipelines,거래량 급증 / 거래량 3.00배,,,,,,,,,,,,,,,,0.0
2026-05-15,한국,092790,"Nexteel Co., Ltd.",20700.0,480256954937.0,3.58,2.8,3.7,0,Steel,거래량 급증 / 거래량 2.97배,,,,,,,,,,,,,,,,0.0
2026-05-15,미국,TYHOY,Toyota Tsusho Corp.,23.39,49324452821.68435,3.56,2.4,3.1,0,Wholesale Distributors,거래량 급증 / 거래량 4.43배,,,,,,,,,,,,,,,,0.0
2026-05-15,미국,CHRRF,"Chorus Aviation, Inc.",17.42,407895932.21043766,3.54,1.2,3.3,0,Airlines,거래량 급증 / 거래량 6.41배,,,,,,,,,,,,,,,,0.0
2026-05-15,미국,CNRD,"Conrad Industries, Inc.",27.61,141169930.99999997,3.54,1.2,3.7,0,Oilfield Services/Equipment,거래량 급증 / 거래량 2.06배,,,,,,,,,,,,,,,,0.0
2026-05-15,미국,PRKA,"Parks! America, Inc.",40.0,30032679.061418135,3.5,1.2,4.2,0,Movies/Entertainment,거래량 급증 / 거래량 8.15배,,,,,,,,,,,,,,,,0.0
2026-05-15,한국,098120,"Micro Contact Solution Co., Ltd.",30150.0,330016813183.0,3.5,2.8,2.4,0,Electronic Production Equipment,거래량 급증 / 거래량 6.10배,,,,,,,,,,,,,,,,0.0
2026-05-15,한국,263860,"GENIANS, INC.",14930.0,132829989242.99998,3.5,2.8,2.4,0,Packaged Software,거래량 급증 / 거래량 5.54배,,,,,,,,,,,,,,,,0.0
2026-05-15,한국,079960,Dongyang E&P Inc.,26200.0,254113296866.0,3.5,2.8,2.4,0,Electronic Production Equipment,거래량 급증 / 거래량 5.24배,,,,,,,,,,,,,,,,0.0
2026-05-15,한국,064960,"SNT MOTIV CO., LTD",33150.0,782955847836.0,3.5,2.8,2.8,0,Auto Parts: OEM,거래량 급증 / 거래량 2.17배,,,,,,,,,,,,,,,,0.0
2026-05-15,한국,017390,"SEOUL CITY GAS CO., LTD.",63000.0,236099989891.0,3.5,2.8,2.8,0,Gas Distributors,거래량 급증 / 거래량 2.06배,,,,,,,,,,,,,,,,0.0
2026-05-15,미국,DNSKF,Danske Bank A/S,51.0,40520577792.99132,3.48,2.4,2.4,0,Major Banks,거래량 급증 / 거래량 11.28배,,,,,,,,,,,,,,,,0.0
2026-05-15,미국,RYAOF,Ryanair Holdings Plc,25.3,26350267028.37489,3.48,2.4,2.4,0,Airlines,거래량 급증 / 거래량 9.29배,,,,,,,,,,,,,,,,0.0
2026-05-15,미국,ITOCF,Itochu Corp.,13.195,102637932458.4969,3.48,2.8,2.4,0,Food Distributors,거래량 급증 / 거래량 5.26배,,,,,,,,,,,,,,,,0.0
2026-05-15,미국,NBNKF,Nordea Bank Abp,18.06,61268548789.76367,3.48,2.4,2.4,0,Major Banks,거래량 급증 / 거래량 5.09배,,,,,,,,,,,,,,,,0.0
2026-05-15,한국,110990,DIT Corp.,24350.0,475665053844.0,3.48,2.8,2.2,0,Computer Peripherals,거래량 급증 / 거래량 3.33배,,,,,,,,,,,,,,,,0.0
2026-05-15,한국,190510,"Namuga Co., Ltd.",20450.0,313026263046.0,3.48,2.8,2.2,0,Electronic Production Equipment,거래량 급증 / 거래량 3.22배,,,,,,,,,,,,,,,,0.0
2026-05-15,한국,462520,"Chosun Refractories Co., Ltd.",14870.0,173826788321.0,3.48,2.8,2.8,0,Construction Materials,거래량 급증 / 거래량 2.37배,,,,,,,,,,,,,,,,0.0
2026-05-15,미국,TRUMF,Terumo Corp.,11.596,17133336301.755747,3.44,2.4,3.3,0,Medical Specialties,거래량 급증 / 거래량 12.78배,,,,,,,,,,,,,,,,0.0
2026-05-15,미국,WEBNF,Westpac Banking Corp. Ltd.,25.52,87174790283.9037,3.44,2.4,3.3,0,Major Banks,거래량 급증 / 거래량 7.01배,,,,,,,,,,,,,,,,0.0
2026-05-15,미국,ARNNY,ASR Nederland N.V.,40.18,16394496039.91264,3.42,2.4,3.3,0,Multi-Line Insurance,거래량 급증 / 거래량 7.22배,,,,,,,,,,,,,,,,0.0
2026-05-15,미국,KTHN,Katahdin Bankshares Corp.,32.87,111790867.0,3.4,1.2,3.3,0,Regional Banks,거래량 급증 / 거래량 8.89배,,,,,,,,,,,,,,,,0.0
2026-05-15,미국,FXBY,Foxby Corp.,22.5,11738610.0,3.38,1.2,3.1,0,Investment Trusts/Mutual Funds,거래량 급증 / 거래량 4.78배,,,,,,,,,,,,,,,,0.0
2026-05-15,미국,CBYDF,Corby Spirit and Wine Ltd.,11.1765,315322512.54383516,3.38,1.2,3.1,0,Beverages: Alcoholic,거래량 급증 / 거래량 4.00배,,,,,,,,,,,,,,,,0.0
2026-05-15,한국,136490,"Sunjin Co., Ltd",11550.0,275838803864.0,3.38,2.8,1.9,0,Agricultural Commodities/Milling,거래량 급증 / 거래량 2.15배,,,,,,,,,,,,,,,,0.0
2026-05-15,미국,SGIOF,Shionogi & Co. Ltd.,17.68,15550088759.766165,3.34,2.4,2.4,0,Pharmaceuticals: Major,거래량 급증 / 거래량 73.32배,,,,,,,,,,,,,,,,0.0
2026-05-15,미국,DWAHF,Daiwa House Industry Co. Ltd.,29.14,18908155250.24329,3.34,2.4,2.4,0,Homebuilding,거래량 급증 / 거래량 12.67배,,,,,,,,,,,,,,,,0.0
2026-05-15,미국,PSZKF,Powszechna Kasa Oszczednosci Bank Polski SA,25.57,31962500000.0,3.34,2.4,2.4,0,Major Banks,거래량 급증 / 거래량 8.14배,,,,,,,,,,,,,,,,0.0
2026-05-15,미국,TGOPF,3i Group,28.51,29020165538.616955,3.34,2.4,2.4,0,Investment Trusts/Mutual Funds,거래량 급증 / 거래량 6.65배,,,,,,,,,,,,,,,,0.0
2026-05-15,한국,294570,coocon Corporation,27250.0,275200145626.0,3.34,2.8,2.2,0,Internet Software/Services,거래량 급증 / 거래량 4.10배,,,,,,,,,,,,,,,,0.0
2026-05-15,한국,009970,"Youngone Holdings Co., Ltd.",205000.0,2396411530495.0,3.34,2.8,2.2,0,Apparel/Footwear,거래량 급증 / 거래량 3.97배,,,,,,,,,,,,,,,,0.0
2026-05-15,한국,033500,"DONGSUNG FINETEC Co., Ltd.",22350.0,716898424149.0,3.34,2.8,2.2,0,Industrial Specialties,거래량 급증 / 거래량 3.64배,,,,,,,,,,,,,,,,0.0
2026-05-15,한국,101160,"Worldex Industry & Trading Co., Ltd.",27750.0,511015203953.0,3.34,2.8,2.2,0,Industrial Machinery,거래량 급증 / 거래량 3.59배,,,,,,,,,,,,,,,,0.0
2026-05-15,한국,017800,"Hyundai Elevator Co., Ltd",90100.0,3361381494904.0,3.34,2.8,2.2,0,Building Products,거래량 급증 / 거래량 3.35배,,,,,,,,,,,,,,,,0.0
2026-05-15,한국,036530,"SNT Holdings CO., LTD",53100.0,780821771622.0,3.34,2.8,2.2,0,Industrial Machinery,거래량 급증 / 거래량 3.06배,,,,,,,,,,,,,,,,0.0
2026-05-15,미국,CRZBF,Commerzbank AG,42.45,47862215757.45291,3.32,2.4,2.4,0,Regional Banks,거래량 급증 / 거래량 6.83배,,,,,,,,,,,,,,,,0.0
2026-05-15,미국,SWONF,SOFTWAREONE HLDG AG,10.0975,2167671311.670455,3.28,1.8,4.2,0,Electronics Distributors,거래량 급증 / 거래량 40.48배,,,,,,,,,,,,,,,,0.0
2026-05-15,미국,HPHTF,Hamamatsu Photonics,15.7,4851977005.00612,3.28,1.8,4.2,0,Electronic Components,거래량 급증 / 거래량 5.09배,,,,,,,,,,,,,,,,0.0
2026-05-15,한국,080220,Jeju Semiconductor Corp.,82300.0,2546442773438.0,3.28,2.8,3.7,0,Semiconductors,거래량 급증 / 거래량 2.79배,,,,,,,,,,,,,,,,0.0
2026-05-15,미국,TCCHF,Technogym Spa,24.25,4882192014.17585,3.26,1.8,3.64,0,Recreational Products,거래량 급증 / 거래량 3.25배,,,,,,,,,,,,,,,,0.0
2026-05-15,미국,CYMBF,Cymbria Corp,65.17,1460625887.8596,3.24,1.8,2.4,0,Investment Trusts/Mutual Funds,거래량 급증 / 거래량 5.86배,,,,,,,,,,,,,,,,0.0
2026-05-15,한국,043370,"PHA Co., Ltd.",13050.0,260963721161.0,3.24,2.8,1.9,0,Auto Parts: OEM,거래량 급증 / 거래량 2.13배,,,,,,,,,,,,,,,,0.0
2026-05-15,미국,THYCF,Taiheiyo Cement Corp.,22.62,2552248984.2223063,3.2,1.8,3.3,0,Construction Materials,거래량 급증 / 거래량 32.06배,,,,,,,,,,,,,,,,0.0
2026-05-15,미국,NDEKY,Nitto Denko Corp.,18.66,12411594619.525795,3.18,2.4,2.2,0,Electronic Equipment/Instruments,거래량 급증 / 거래량 3.35배,,,,,,,,,,,,,,,,0.0
2026-05-15,미국,NRKBY,NKT A/S,30.78,8838279988.198198,3.18,1.8,3.7,0,Electrical Products,거래량 급증 / 거래량 2.09배,,,,,,,,,,,,,,,,0.0
2026-05-15,미국,HRIBF,Horiba Ltd.,163.93,6868303300.320521,3.18,1.8,3.7,0,Industrial Machinery,거래량 급증 / 거래량 2.89배,,,,,,,,,,,,,,,,0.0
2026-05-15,미국,KTWIY,Kurita Water Industries Ltd.,113.23,6250554181.327918,3.18,1.8,3.7,0,Miscellaneous Manufacturing,거래량 급증 / 거래량 2.52배,,,,,,,,,,,,,,,,0.0
2026-05-15,한국,286940,Lotte Innovate Co Ltd,22200.0,326229744005.0,3.18,2.8,2.8,0,Miscellaneous Commercial Services,거래량 급증 / 거래량 2.42배,,,,,,,,,,,,,,,,0.0
2026-05-15,미국,UWHR,Uwharrie Capital Corp,11.7,83577532.5193465,3.14,1.2,2.4,0,Regional Banks,거래량 급증 / 거래량 95.03배,,,,,,,,,,,,,,,,0.0
2026-05-15,미국,HARL,Harleysville Financial Corp.,27.75,104894999.01333334,3.14,1.2,2.4,0,Savings Banks,거래량 급증 / 거래량 10.92배,,,,,,,,,,,,,,,,0.0
2026-05-15,미국,CSBB,"CSB Bancorp, Inc.",66.0,173382982.0,3.14,1.2,2.4,0,Regional Banks,거래량 급증 / 거래량 5.43배,,,,,,,,,,,,,,,,0.0
2026-05-15,미국,HONT,"Honat Bancorp, Inc.",134.7,193224863.0,3.14,1.2,2.4,0,Regional Banks,거래량 급증 / 거래량 5.40배,,,,,,,,,,,,,,,,0.0
2026-05-15,미국,PCRFF,Panasonic Holdings Corporation,21.55,50306901892.091736,3.12,2.4,3.3,0,Electronics/Appliances,거래량 급증 / 거래량 40.77배,,,,,,,,,,,,,,,,0.0
2026-05-15,미국,AWTRF,"Air Water, Inc.",14.75,3335944679.26262,3.12,1.8,3.84,0,Chemicals: Specialty,거래량 급증 / 거래량 5.23배,,,,,,,,,,,,,,,,0.0
2026-05-15,미국,STMEF,STMicroelectronics N.V.,63.9918,57101694942.918175,3.12,2.4,3.3,0,Semiconductors,거래량 급증 / 거래량 5.04배,,,,,,,,,,,,,,,,0.0
2026-05-15,미국,NXPRF,Nexans Paris ACT,201.32,8801483772.912924,3.12,1.8,4.0,0,Electrical Products,거래량 급증 / 거래량 3.22배,,,,,,,,,,,,,,,,0.0
2026-05-15,미국,WJRYF,West Japan Railway Co.,15.99,7282350957.638789,3.1,1.8,2.4,0,Railroads,거래량 급증 / 거래량 48.12배,,,,,,,,,,,,,,,,0.0
2026-05-15,미국,UCPLF,United Corporations Limited,10.08,1229462640.0,3.1,1.8,2.4,0,Investment Trusts/Mutual Funds,거래량 급증 / 거래량 17.81배,,,,,,,,,,,,,,,,0.0
2026-05-15,미국,NCLTF,"Nitori Holdings Co., Ltd.",13.8,7875600366.209271,3.1,1.8,2.4,0,Specialty Stores,거래량 급증 / 거래량 15.72배,,,,,,,,,,,,,,,,0.0
2026-05-15,미국,PLXNF,PLUXEE N V,13.05,2726880706.6246853,3.1,1.8,2.4,0,Miscellaneous Commercial Services,거래량 급증 / 거래량 6.32배,,,,,,,,,,,,,,,,0.0
2026-05-15,미국,GRF,"Eagle Capital Growth Fund, Inc.",10.104,40091055.36,3.1,1.2,3.1,0,Investment Trusts/Mutual Funds,거래량 급증 / 거래량 4.81배,,,,,,,,,,,,,,,,0.0
2026-05-15,한국,192400,"Cuckoo Holdings Co., Ltd.",27900.0,876410440063.0,3.1,2.8,1.9,0,Electronics/Appliances,거래량 급증 / 거래량 2.82배,,,,,,,,,,,,,,,,0.0
2026-05-15,한국,001270,"Bookook Securities Co., Ltd",66800.0,535208278441.00006,3.1,2.8,1.9,0,Investment Banks/Brokers,거래량 급증 / 거래량 2.60배,,,,,,,,,,,,,,,,0.0
2026-05-15,한국,102710,"ENF Technology Co., Ltd",45900.0,745825043106.0,3.1,2.8,1.9,0,Chemicals: Major Diversified,거래량 급증 / 거래량 2.43배,,,,,,,,,,,,,,,,0.0
2026-05-15,한국,004490,"SEBANG GLOBAL BATTERY Co., Ltd.",61500.0,821433393860.0,3.1,2.8,1.9,0,Electrical Products,거래량 급증 / 거래량 2.06배,,,,,,,,,,,,,,,,0.0
2026-05-15,한국,036190,"Geumhwa PSC Co., Ltd",32700.0,206702644825.0,3.1,2.8,1.9,0,Engineering & Construction,거래량 급증 / 거래량 2.00배,,,,,,,,,,,,,,,,0.0
2026-05-15,미국,MTRAF,"Metro, Inc.",64.25,13490909966.99234,3.04,2.4,2.4,0,Food Retail,거래량 급증 / 거래량 35.46배,,,,,,,,,,,,,,,,0.0
2026-05-15,미국,RLXXF,RELX PLC,31.12,55118852665.30232,3.04,2.4,2.4,0,Miscellaneous Commercial Services,거래량 급증 / 거래량 26.91배,,,,,,,,,,,,,,,,0.0
2026-05-15,미국,MTSFF,"Mitsui Fudosan Co., Ltd.",10.4,28573278906.253407,3.04,2.4,2.4,0,Real Estate Development,거래량 급증 / 거래량 16.67배,,,,,,,,,,,,,,,,0.0
2026-05-15,미국,STOHF,Equinor ASA,37.43,94881670538.12123,3.04,2.4,2.4,0,Integrated Oil,거래량 급증 / 거래량 5.59배,,,,,,,,,,,,,,,,0.0
2026-05-15,미국,SNNUF,Smith & Nephew PLC,14.95,12762054134.375002,3.04,2.4,2.4,0,Medical Specialties,거래량 급증 / 거래량 5.20배,,,,,,,,,,,,,,,,0.0
2026-05-15,미국,CMTOY,Cementos Argos S.A.,15.0,3883742211.03528,3.04,1.8,3.7,0,Construction Materials,거래량 급증 / 거래량 2.14배,,,,,,,,,,,,,,,,0.0
2026-05-15,미국,HVT.A,"Haverty Furniture Companies, Inc.",23.74,359655907.65116787,3.04,1.2,3.64,0,Specialty Stores,거래량 급증 / 거래량 3.15배,,,,,,,,,,,,,,,,0.0
2026-05-15,한국,018310,"SAMMOK S-FORM Co., Ltd.",17400.0,251359104862.0,3.04,2.8,2.2,0,Aluminum,거래량 급증 / 거래량 3.25배,,,,,,,,,,,,,,,,0.0
2026-05-15,한국,096240,"Creverse, Inc.",10590.0,82123906994.0,3.04,2.4,2.8,0,Other Consumer Services,거래량 급증 / 거래량 2.25배,,,,,,,,,,,,,,,,0.0
2026-05-15,미국,TYIDY,Toyota Industries Corporation,128.5,40011246466.22888,3.02,2.4,2.4,0,Industrial Machinery,거래량 급증 / 거래량 24.20배,,,,,,,,,,,,,,,,0.0
2026-05-15,미국,LRCDF,Laurentian Bank of Canada,29.35,1312232232.984612,3.02,1.8,3.1,0,Major Banks,거래량 급증 / 거래량 4.29배,,,,,,,,,,,,,,,,0.0
2026-05-15,미국,CMHF,"Community Heritage Financial, Inc.",34.9,78571076.0,3.0,1.2,2.4,0,Regional Banks,거래량 급증 / 거래량 17.69배,,,,,,,,,,,,,,,,0.0
2026-05-15,미국,OSBK,Oconee Financial Corp.,49.0,44099999.034482755,3.0,1.2,2.4,0,Regional Banks,거래량 급증 / 거래량 14.02배,,,,,,,,,,,,,,,,0.0
2026-05-15,미국,HDIUF,ADENTRA Inc.,25.35,614623342.951145,3.0,1.2,2.4,0,Wholesale Distributors,거래량 급증 / 거래량 9.71배,,,,,,,,,,,,,,,,0.0
2026-05-15,미국,CZBT,"Citizens Bancorp of Virginia, Inc.",39.0,90168001.0,3.0,1.2,2.4,0,Regional Banks,거래량 급증 / 거래량 6.52배,,,,,,,,,,,,,,,,0.0
2026-05-15,미국,JPEVF,JAPAN ELEVATOR SVC HLDGS CO LTD.,10.75,1921712097.1685767,2.98,1.8,3.84,0,Engineering & Construction,거래량 급증 / 거래량 14.02배,,,,,,,,,,,,,,,,0.0
2026-05-15,미국,DRPRF,DR ING H C F PORSCHE AG,54.0,49718395974.716,2.98,2.4,3.3,0,Motor Vehicles,거래량 급증 / 거래량 8.29배,,,,,,,,,,,,,,,,0.0
2026-05-15,미국,TYOYY,Taiyo Yuden Co. Ltd.,179.68,5479339054.163282,2.98,1.8,3.84,0,Electronic Components,거래량 급증 / 거래량 5.74배,,,,,,,,,,,,,,,,0.0
2026-05-15,미국,FEDU,Four Seasons Education (Cayman) Inc.,10.305,23289894.0,2.96,1.2,3.7,0,Other Consumer Services,거래량 급증 / 거래량 2.66배,,,,,,,,,,,,,,,,0.0
2026-05-15,미국,WTBFA,W.T.B. Financial Corp.,700.0,1003328421.0,2.94,1.8,2.4,0,Regional Banks,거래량 급증 / 거래량 8.29배,,,,,,,,,,,,,,,,0.0
2026-05-15,미국,PDPA,Pearl Diver Credit Company Inc. 8.00% Series A Preferred Stock Due 2029,25.23,206481285.57000002,2.94,1.2,3.3,0,Investment Trusts/Mutual Funds,거래량 급증 / 거래량 7.03배,,,,,,,,,,,,,,,,0.0
2026-05-15,미국,BDIMF,Black Diamond Group Ltd,12.62,855673916.5852506,2.94,1.2,3.3,0,Homebuilding,거래량 급증 / 거래량 5.35배,,,,,,,,,,,,,,,,0.0
2026-05-15,한국,250030,JINCOSTECH CO. LTD.,22500.0,74178086650.0,2.94,2.4,1.9,0,Household/Personal Care,거래량 급증 / 거래량 2.64배,,,,,,,,,,,,,,,,0.0
2026-05-15,한국,000950,"Chonbang Co., Ltd",28400.0,34070152437.999996,2.94,2.4,1.9,0,Textiles,거래량 급증 / 거래량 2.37배,,,,,,,,,,,,,,,,0.0
2026-05-15,한국,004450,"Samhwa Crown & Closure Co., Ltd",27050.0,48907859421.0,2.94,2.4,1.9,0,Miscellaneous Manufacturing,거래량 급증 / 거래량 2.36배,,,,,,,,,,,,,,,,0.0
2026-05-15,한국,000100,"JPI Healthcare Co., Ltd.",10300.0,54985158000.0,2.94,2.4,1.9,0,Medical Specialties,거래량 급증 / 거래량 2.25배,,,,,,,,,,,,,,,,0.0
2026-05-15,한국,466410,Synapsoft Corp.,11000.0,53536687961.0,2.94,2.4,1.9,0,Packaged Software,거래량 급증 / 거래량 2.06배,,,,,,,,,,,,,,,,0.0
2026-05-15,미국,IPSEY,Ipsen S.A.,48.86,16002787407.92704,2.88,2.4,2.4,0,Pharmaceuticals: Major,거래량 급증 / 거래량 17.30배,,,,,,,,,,,,,,,,0.0
2026-05-15,미국,TYIDF,Toyota Industries Corporation,128.69,39955751159.970955,2.88,2.4,2.4,0,Industrial Machinery,거래량 급증 / 거래량 13.66배,,,,,,,,,,,,,,,,0.0
2026-05-15,미국,CDUAF,Canadian Utilities Limited,35.51,9663725090.1125,2.88,1.8,3.3,0,Gas Distributors,거래량 급증 / 거래량 11.02배,,,,,,,,,,,,,,,,0.0
2026-05-15,미국,DFKCY,"Daifuku Co., Ltd.",24.26,17907640533.87186,2.88,2.4,2.4,0,Industrial Machinery,거래량 급증 / 거래량 7.51배,,,,,,,,,,,,,,,,0.0
2026-05-15,미국,SOCNF,SOCIONEXT INC,15.1,2717526281.740697,2.88,1.8,3.7,0,Semiconductors,거래량 급증 / 거래량 2.29배,,,,,,,,,,,,,,,,0.0
2026-05-15,미국,MTLHY,Mitsubishi Chemical Group Corporation,33.0,8806416675.884365,2.88,1.8,3.7,0,Chemicals: Major Diversified,거래량 급증 / 거래량 2.17배,,,,,,,,,,,,,,,,0.0
2026-05-15,미국,YMHAY,"Yamaha Motor Co., Ltd.",16.25,7006407233.775026,2.88,1.8,3.7,0,Motor Vehicles,거래량 급증 / 거래량 2.78배,,,,,,,,,,,,,,,,0.0
2026-05-15,한국,004020,Hyundai Steel Company,46150.0,6044526320648.0,2.88,2.8,2.8,0,Steel,거래량 급증 / 거래량 2.39배,,,,,,,,,,,,,,,,0.0
2026-05-15,한국,000104,CJ Corporation Pfd Registered Shs,189300.0,6740170203090.0,2.88,2.8,2.8,0,Food: Specialty/Candy,거래량 급증 / 거래량 2.38배,,,,,,,,,,,,,,,,0.0
2026-05-15,미국,PTVLF,PET VALU HLDGS LTD,12.5,859413150.8444961,2.86,1.2,2.4,0,Specialty Stores,거래량 급증 / 거래량 16.42배,,,,,,,,,,,,,,,,0.0
2026-05-15,미국,UBCP,"United Bancorp, Inc.",15.25,87791995.0,2.86,1.2,2.4,0,Regional Banks,거래량 급증 / 거래량 7.14배,,,,,,,,,,,,,,,,0.0
2026-05-15,미국,MMSMY,"Mitsu Mining & Smelting Co., Ltd.",61.14,18304214410.630455,2.86,2.4,2.2,0,Other Metals/Minerals,거래량 급증 / 거래량 3.88배,,,,,,,,,,,,,,,,0.0
2026-05-15,미국,RVCB,River Valley Community Bancorp,25.0,78454601.99999999,2.84,1.2,2.4,0,Regional Banks,거래량 급증 / 거래량 5.70배,,,,,,,,,,,,,,,,0.0
2026-05-15,미국,SIM,"Grupo Simec, S.A.B. de C.V.",30.015,5197298433.77244,2.82,1.8,3.64,0,Steel,거래량 급증 / 거래량 4.02배,,,,,,,,,,,,,,,,0.0
2026-05-15,미국,REMYF,Remy Cointreau SA,45.98,2405462404.664,2.8,1.8,2.4,0,Beverages: Alcoholic,거래량 급증 / 거래량 22.10배,,,,,,,,,,,,,,,,0.0
2026-05-15,미국,SGGEF,Sage Group plc (The),11.0,9946932167.719297,2.8,1.8,2.4,0,Packaged Software,거래량 급증 / 거래량 20.23배,,,,,,,,,,,,,,,,0.0
2026-05-15,미국,KYKOF,"Kyowa Hakko Kogyo Co., Ltd.",14.425,7543552165.221764,2.8,1.8,2.4,0,Pharmaceuticals: Major,거래량 급증 / 거래량 17.12배,,,,,,,,,,,,,,,,0.0
2026-05-15,미국,BYDIY,Byd Electronic International Co Ltd.,179.97,8270700257.6876,2.8,1.8,2.4,0,Electronic Production Equipment,거래량 급증 / 거래량 6.03배,,,,,,,,,,,,,,,,0.0
2026-05-15,한국,063080,Com2uS Holdings Corporation,15970.0,107111107454.0,2.8,2.8,1.9,0,Packaged Software,거래량 급증 / 거래량 2.96배,,,,,,,,,,,,,,,,0.0
2026-05-15,한국,251120,BIO-FD&C CO. LTD,12380.0,111217492142.0,2.8,2.8,1.9,0,Medical Distributors,거래량 급증 / 거래량 2.12배,,,,,,,,,,,,,,,,0.0
2026-05-15,미국,IIJIF,"Internet Initiative Japan, Inc.",18.51,3336005251.9252005,2.78,1.8,2.2,0,Major Telecommunications,거래량 급증 / 거래량 4.45배,,,,,,,,,,,,,,,,0.0
2026-05-15,미국,FNMAI,Fannie Mae,10.5,9192899972.0,2.74,1.8,3.3,0,Finance/Rental/Leasing,거래량 급증 / 거래량 544.16배,,,,,,,,,,,,,,,,0.0
2026-05-15,미국,SAUHF,Straumann Holding AG,104.072,16593289344.045391,2.74,2.4,2.4,0,Medical Specialties,거래량 급증 / 거래량 14.79배,,,,,,,,,,,,,,,,0.0
2026-05-15,한국,059270,"Haisung Aero-Robotics Co., Ltd.",10090.0,109866536865.0,2.74,2.8,2.8,0,Industrial Machinery,거래량 급증 / 거래량 2.43배,,,,,,,,,,,,,,,,0.0
2026-05-15,미국,KEYUF,Keyera Corp.,40.09,9191947809.90746,2.72,1.8,3.1,0,Oil & Gas Pipelines,거래량 급증 / 거래량 3.95배,,,,,,,,,,,,,,,,0.0
2026-05-15,미국,CNBZ,CNB Corp. (MI),23.24,28166879.999999996,2.7,1.2,2.2,0,Major Banks,거래량 급증 / 거래량 4.24배,,,,,,,,,,,,,,,,0.0
2026-05-15,미국,BCOW,"1895 Bancorp of Wisconsin, Inc.",10.73,63932138.0,2.66,1.2,3.3,0,Savings Banks,거래량 급증 / 거래량 5.08배,,,,,,,,,,,,,,,,0.0
2026-05-15,미국,BDGIF,BADGER INFRASTRUCTURE SOLUTIONS LTD.,59.55,2009231116.5791402,2.64,1.8,2.4,0,Engineering & Construction,거래량 급증 / 거래량 32.69배,,,,,,,,,,,,,,,,0.0
2026-05-15,미국,CUB,Lionheart Holdings,10.81,331506683.0,2.64,1.2,3.3,0,Publishing: Newspapers,거래량 급증 / 거래량 30.14배,,,,,,,,,,,,,,,,0.0
2026-05-15,미국,OYSE,Oyster Enterprises II Acquisition Corp,10.24,347281906.0,2.64,1.2,3.3,0,Financial Conglomerates,거래량 급증 / 거래량 24.33배,,,,,,,,,,,,,,,,0.0
2026-05-15,미국,DMIIU,Drugs Made In America Acquisition II Corp.,10.11,638910991.0,2.64,1.2,3.3,0,Financial Conglomerates,거래량 급증 / 거래량 15.64배,,,,,,,,,,,,,,,,0.0
2026-05-15,미국,ORIQ,Origin Investment Corp I,10.28,88664997.99999999,2.64,1.2,3.3,0,Financial Conglomerates,거래량 급증 / 거래량 10.20배,,,,,,,,,,,,,,,,0.0
2026-05-15,미국,HVIIU,Hennessy Capital Investment Corp. VII,10.8,270902898.0,2.64,1.2,3.3,0,Financial Conglomerates,거래량 급증 / 거래량 5.96배,,,,,,,,,,,,,,,,0.0
2026-05-15,미국,IRHOU,Iron Horse Acquisitions II Corp.,10.13,292906790.0,2.64,1.2,3.3,0,Financial Conglomerates,거래량 급증 / 거래량 5.74배,,,,,,,,,,,,,,,,0.0
2026-05-15,미국,SVCC,Stellar V Capital Corp.,10.5,171005288.4615385,2.64,1.2,3.3,0,Financial Conglomerates,거래량 급증 / 거래량 5.03배,,,,,,,,,,,,,,,,0.0
2026-05-15,미국,BFLBY,Bilfinger SE,22.0,3872541437.8152003,2.64,1.8,2.2,0,Engineering & Construction,거래량 급증 / 거래량 4.06배,,,,,,,,,,,,,,,,0.0
2026-05-15,한국,230360,"ECHO Marketing, Inc.",16000.0,496290120640.0,2.64,2.8,1.9,0,Advertising/Marketing Services,거래량 급증 / 거래량 2.45배,,,,,,,,,,,,,,,,0.0
2026-05-15,미국,BIO.B,"Bio-Rad Laboratories, Inc.",260.0,6660066794.000001,2.6,1.8,3.3,0,Medical Specialties,거래량 급증 / 거래량 14.88배,,,,,,,,,,,,,,,,0.0
2026-05-15,한국,000520,Hana 1Q Mid-Short Term Credit Bond(A- or Higher) Active ETF Units,50245.0,,2.6,0.8,4.6,0,Investment Trusts/Mutual Funds,거래량 급증 / 거래량 12.04배 / 기관 순매수 우위 / 실적 정상화와 구조적 재평가 국면,40.93,,,,,,,,,,,삼일제약,실적 정상화와 구조적 재평가 국면,https://finance.naver.com/company_read.naver?nid=90590&page=1&searchType=itemCode&itemCode=000520,기관 순매수 우위,0.0
2026-05-15,미국,HHUSF,Hua Hong Semiconductor Ltd,17.5,33509548745.570866,2.58,2.4,2.4,0,Semiconductors,거래량 급증 / 거래량 5.21배,,,,,,,,,,,,,,,,0.0
2026-05-15,미국,SHNDY,Schindler Holding AG,15.59,34709187705.567604,2.58,2.4,2.2,0,Industrial Machinery,거래량 급증 / 거래량 4.76배,,,,,,,,,,,,,,,,0.0
2026-05-15,한국,454910,Doosan Robotics Inc.,127400.0,6922773522949.0,2.58,2.3,4.2,0,Industrial Machinery,거래량 급증 / 거래량 5.05배,,,,,,,,,,,,,,,,1.0
2026-05-15,미국,PBKOF,Pollard Banknote Ltd.,11.87,321293253.16353375,2.56,1.2,2.4,0,Casinos/Gaming,거래량 급증 / 거래량 53.38배,,,,,,,,,,,,,,,,0.0
2026-05-15,미국,ACGP,"Associated Capital Group, Inc.",39.01,807334346.0,2.56,1.2,2.4,0,Investment Managers,거래량 급증 / 거래량 14.05배,,,,,,,,,,,,,,,,0.0
2026-05-15,미국,BESVF,BE Semiconductor Industries N.V.,313.58,25313614597.104843,2.56,2.4,2.2,0,Industrial Machinery,거래량 급증 / 거래량 4.02배,,,,,,,,,,,,,,,,0.0
2026-05-15,미국,ALF,Centurion Acquisition Corp.,10.84,389562500.0,2.54,1.2,2.4,0,Financial Conglomerates,거래량 급증 / 거래량 6.28배,,,,,,,,,,,,,,,,0.0
2026-05-15,미국,GMWKF,Games Workshop Group,260.0,8591517887.07205,2.5,1.8,2.4,0,Recreational Products,거래량 급증 / 거래량 9.52배,,,,,,,,,,,,,,,,0.0
2026-05-15,한국,034120,"Seoul Broadcasting System Co., Ltd.",14860.0,278411411304.0,2.5,2.8,1.9,0,Broadcasting,거래량 급증 / 거래량 2.27배,,,,,,,,,,,,,,,,0.0
2026-05-15,미국,GSRF,GSR IV Acquisition Corp.,10.13,297877723.0,2.48,1.2,3.1,0,Financial Conglomerates,거래량 급증 / 거래량 4.78배,,,,,,,,,,,,,,,,0.0
2026-05-15,한국,000880,Hanwha Corp,141400.0,9427061700439.0,2.48,2.8,1.9,0,Industrial Specialties,거래량 급증 / 거래량 2.06배,,,,,,,,,,,,,,,,0.0
2026-05-15,미국,PPRUF,Kering SA,283.285,34727039140.3662,2.44,2.4,2.4,0,Consumer Sundries,거래량 급증 / 거래량 5.10배,,,,,,,,,,,,,,,,0.0
2026-05-15,한국,610009,"MERITZ SECURITIES Co., Ltd.",15230.0,,2.42,0.3,6.04,0,Investment Banks/Brokers,거래량 급증 / 거래량 8.00배 / 기관 순매수 우위,,,,,,,,,,,,,,https://markets.hankyung.com/consensus?searchWord=MERITZ%20SECURITIES%20Co.%2C%20Ltd.,기관 순매수 우위,1.0
2026-05-15,한국,003550,LG Corp,126000.0,17478373379707.002,2.42,2.3,3.84,0,Electronics/Appliances,거래량 급증 / 거래량 5.89배,,,,,,,,,,,,,,,,1.0
2026-05-15,미국,RPKIF,Richards Group Inc.,20.45,230260274.500721,2.4,1.2,2.2,0,Containers/Packaging,거래량 급증 / 거래량 4.54배,,,,,,,,,,,,,,,,0.0
2026-05-15,미국,SRRTF,SLATE GROCERY REIT,11.31,680522134.5,2.4,1.2,2.2,0,Real Estate Investment Trusts,거래량 급증 / 거래량 4.40배,,,,,,,,,,,,,,,,0.0
2026-05-15,미국,CIADY,"China Mengniu Dairy Co., Ltd.",22.42,8724893700.08014,2.34,1.8,2.4,0,Food: Meat/Fish/Dairy,거래량 급증 / 거래량 7.72배,,,,,,,,,,,,,,,,0.0
2026-05-15,미국,RNSHF,Renishaw Plc,70.1,5102476765.946768,2.34,1.8,2.4,0,Industrial Machinery,거래량 급증 / 거래량 5.44배,,,,,,,,,,,,,,,,0.0
2026-05-15,한국,036930,"Jusung Engineering Co., Ltd",140200.0,7544329467773.0,2.34,2.8,1.9,0,Industrial Machinery,거래량 급증 / 거래량 2.82배,,,,,,,,,,,,,,,,0.0
2026-05-15,한국,453860,"ASTech Co., Ltd.",13000.0,85303911018.0,2.34,2.4,1.9,0,Household/Personal Care,거래량 급증 / 거래량 2.11배,,,,,,,,,,,,,,,,0.0
2026-05-15,한국,078600,"Daejoo Electronic Materials Co., Ltd.",149500.0,2338636206627.0,2.34,2.8,1.9,0,Electrical Products,거래량 급증 / 거래량 2.06배,,,,,,,,,,,,,,,,0.0
2026-05-15,한국,438560,Shinhan SOL Korea Treasury Bond 3Y ETF Units,99400.0,,2.3,0.3,6.8,10,Investment Trusts/Mutual Funds,거래량 급증 / 거래량 10.65배 / 외국인+기관 동반 순매수,,,,,,,,,,,,,,https://markets.hankyung.com/consensus?searchWord=Shinhan%20SOL%20Korea%20Treasury%20Bond%203Y%20ETF%20Units,외국인+기관 동반 순매수,1.0
2026-05-15,한국,000240,"HANKOOK & COMPANY CO., LTD.",25450.0,2311122607422.0,2.26,2.3,3.64,0,Electrical Products,거래량 급증 / 거래량 4.17배,,,,,,,,,,,,,,,,1.0
2026-05-15,한국,452430,Sapien Semiconductors Inc.,51900.0,401398307371.0,2.26,2.3,3.64,0,Semiconductors,거래량 급증 / 거래량 3.52배,,,,,,,,,,,,,,,,1.0
2026-05-15,한국,056080,"Yujin Robot Co., Ltd",27450.0,982818424988.0,2.26,2.3,3.64,0,Recreational Products,거래량 급증 / 거래량 3.16배,,,,,,,,,,,,,,,,1.0
2026-05-15,미국,CRAN,Crane Harbor Acquisition Corp. II,10.03,361788000.00000006,2.24,1.2,2.4,0,Financial Conglomerates,거래량 급증 / 거래량 7.36배,,,,,,,,,,,,,,,,0.0
2026-05-15,미국,GTENU,"Gores Holdings X, Inc.",10.47,466751600.0,2.24,1.2,2.4,0,Financial Conglomerates,거래량 급증 / 거래량 5.99배,,,,,,,,,,,,,,,,0.0
2026-05-15,미국,SDHI,Siddhi Acquisition Corp,10.38,361618441.00000006,2.24,1.2,2.4,0,Financial Conglomerates,거래량 급증 / 거래량 5.11배,,,,,,,,,,,,,,,,0.0
2026-05-15,미국,FNMAP,Fannie Mae,14.7,9192899972.0,2.2,1.8,2.4,0,Finance/Rental/Leasing,거래량 급증 / 거래량 89.31배,,,,,,,,,,,,,,,,0.0
2026-05-15,미국,CWSRF,Chartwell Retirement Residences,15.15,4961867034.082769,2.2,1.8,2.4,0,Real Estate Investment Trusts,거래량 급증 / 거래량 20.57배,,,,,,,,,,,,,,,,0.0
2026-05-15,미국,ZLDSF,ZALANDO SE,22.7286,5901158988.06495,2.2,1.8,2.4,0,Internet Retail,거래량 급증 / 거래량 8.15배,,,,,,,,,,,,,,,,0.0
2026-05-15,미국,WTCHF,Wisetech Global,28.2,9397720099.34006,2.2,1.8,2.4,0,Packaged Software,거래량 급증 / 거래량 5.65배,,,,,,,,,,,,,,,,0.0
2026-05-15,한국,458870,SEERS Co. Ltd.,36950.0,1556643290710.0,2.2,2.8,1.9,0,Medical Specialties,거래량 급증 / 거래량 2.52배,,,,,,,,,,,,,,,,0.0
2026-05-15,한국,170920,"LTC Co., Ltd.",38400.0,450099897623.0,2.2,2.8,1.9,0,Chemicals: Specialty,거래량 급증 / 거래량 2.12배,,,,,,,,,,,,,,,,0.0
2026-05-15,한국,357550,"Sukgyung AT Co., Ltd.",50100.0,290688515425.0,2.2,2.8,1.9,0,Chemicals: Specialty,거래량 급증 / 거래량 2.07배,,,,,,,,,,,,,,,,0.0
2026-05-15,한국,314930,"BIODYNE Co., Ltd.",10500.0,316875158787.0,2.2,2.8,1.9,0,Medical Specialties,거래량 급증 / 거래량 2.06배,,,,,,,,,,,,,,,,0.0
2026-05-15,한국,176950,SAMSUNG KODEX 10Y F-LKTB INVERSE ETF,60010.0,,2.18,0.3,5.5,0,Investment Trusts/Mutual Funds,거래량 급증 / 거래량 186.24배 / 기관 순매수 우위,,,,,,,,,,,,,,https://markets.hankyung.com/consensus?searchWord=SAMSUNG%20KODEX%2010Y%20F-LKTB%20INVERSE%20ETF,기관 순매수 우위,1.0
2026-05-15,한국,003555,LG Corp Pfd Registered Shs Non-Voting,79000.0,17478373379707.002,2.18,2.3,3.3,0,Electronics/Appliances,거래량 급증 / 거래량 13.00배 / 외국인+기관 순매도,,,,,,,,,,,,,,https://markets.hankyung.com/consensus?searchWord=LG%20Corp%20Pfd%20Registered%20Shs%20Non-Voting,외국인+기관 순매도,1.0
2026-05-15,한국,452280,"HanSun Engineering Co., Ltd.",28900.0,466725682735.0,2.18,2.3,3.7,0,Industrial Machinery,거래량 급증 / 거래량 2.07배,,,,,,,,,,,,,,,,1.0
2026-05-15,미국,CAPN,Cayson Acquisition Corp,11.0,58169006.372325905,2.1,1.2,2.4,0,Financial Conglomerates,거래량 급증 / 거래량 38.82배,,,,,,,,,,,,,,,,0.0
2026-05-15,미국,PACHU,Pioneer Acquisition I Corp,10.27,289943747.0,2.1,1.2,2.4,0,Financial Conglomerates,거래량 급증 / 거래량 11.25배,,,,,,,,,,,,,,,,0.0
2026-05-15,미국,FIGX,FIGX Capital Acquisition Corp.,10.19,197539129.00000003,2.1,1.2,2.4,0,Financial Conglomerates,거래량 급증 / 거래량 8.63배,,,,,,,,,,,,,,,,0.0
2026-05-15,미국,GTEN,"Gores Holdings X, Inc.",10.355,466751600.00000006,2.1,1.2,2.4,0,Financial Conglomerates,거래량 급증 / 거래량 5.94배,,,,,,,,,,,,,,,,0.0
2026-05-15,미국,FNMAG,Fannie Mae,18.22,9192899972.0,2.04,1.8,2.2,0,Finance/Rental/Leasing,거래량 급증 / 거래량 4.66배,,,,,,,,,,,,,,,,0.0
2026-05-15,미국,BRELY,Brazilian Rare Earths Ltd.,20.73,1140824121.96327,2.02,1.3,3.84,0,Other Metals/Minerals,거래량 급증 / 거래량 5.70배,,,,,,,,,,,,,,,,1.0
2026-05-15,미국,VBVBF,VERBIO SE,47.235,3009600625.130769,2.02,1.3,4.0,0,Chemicals: Specialty,거래량 급증 / 거래량 4.76배,,,,,,,,,,,,,,,,1.0
2026-05-15,미국,SMUPF,Sims Ltd,15.6229,3010409577.647369,2.02,1.3,4.0,0,Steel,거래량 급증 / 거래량 3.19배,,,,,,,,,,,,,,,,1.0
2026-05-15,한국,018260,"SAMSUNG SDS CO., LTD.",189000.0,14147349606323.0,2.02,2.3,3.1,0,Information Technology Services,거래량 급증 / 거래량 4.43배,,,,,,,,,,,,,,,,1.0
2026-05-15,한국,066575,LG Electronics Inc. Pfd Registered Shs Non-voting,84100.0,36777169875526.0,2.02,2.3,3.1,0,Electronics/Appliances,거래량 급증 / 거래량 4.24배,,,,,,,,,,,,,,,,1.0
2026-05-15,한국,004380,"Samik THK Co., Ltd.",13090.0,262139995098.0,2.02,2.3,3.1,0,Industrial Machinery,거래량 급증 / 거래량 4.03배,,,,,,,,,,,,,,,,1.0
2026-05-15,한국,090710,"Hyulim ROBOT Co., Ltd.",13120.0,1508153838730.0,2.02,2.3,3.1,0,Industrial Machinery,거래량 급증 / 거래량 3.91배,,,,,,,,,,,,,,,,1.0
2026-05-15,한국,064400,"LG CNS Co., Ltd.",86600.0,8341880138397.0,2.02,2.3,3.1,0,Information Technology Services,거래량 급증 / 거래량 3.67배,,,,,,,,,,,,,,,,1.0
2026-05-15,한국,078935,GS Holdings Corp. Pfd Registered Shs Non-Voting,57700.0,7040378895092.0,2.02,2.3,3.1,0,Food Retail,거래량 급증 / 거래량 3.26배,,,,,,,,,,,,,,,,1.0
2026-05-15,한국,530143,Samsung Securities Samsung Inverse 2X Silver Futures ETN 143,34840.0,,2.0,-0.5,6.4,0,,거래량 급증 / 거래량 10.37배 / 기관 순매수 우위,,,,,,,,,,,,,,https://markets.hankyung.com/consensus?searchWord=Samsung%20Securities%20Samsung%20Inverse%202X%20Silver%20Futures%20ETN%20143,기관 순매수 우위,1.0
2026-05-15,미국,DSMFF,DSM Firmenich AG,78.95,18907022409.160767,1.88,1.9,3.3,0,Household/Personal Care,거래량 급증 / 거래량 23.15배,,,,,,,,,,,,,,,,1.0
2026-05-15,한국,128940,"Hanmi Pharmaceutical Co., Ltd.",472500.0,5699756160736.0,1.88,2.3,3.34,0,Pharmaceuticals: Major,거래량 급증 / 거래량 2.59배,,,,,,,,,,,,,,,,1.0
2026-05-15,미국,WKCMF,Wacker Chemie AG,121.0,6011036499.739884,1.86,1.3,3.64,0,Chemicals: Major Diversified,거래량 급증 / 거래량 4.35배,,,,,,,,,,,,,,,,1.0
2026-05-15,한국,094940,"Puloon Technology, Inc.",13000.0,95253597713.0,1.86,1.9,3.34,0,Electronic Equipment/Instruments,거래량 급증 / 거래량 2.26배,,,,,,,,,,,,,,,,1.0
2026-05-15,미국,SCPJ,SCOPE INDUSTRIES,300.0,274386000.0,1.8,0.7,4.2,0,Food: Specialty/Candy,거래량 급증 / 거래량 7.36배,,,,,,,,,,,,,,,,1.0
2026-05-15,미국,VFPEF,Vanguard Funds PLC,181.5,,1.78,0.3,4.2,0,Investment Trusts/Mutual Funds,거래량 급증 / 거래량 53.37배,,,,,,,,,,,,,,,,1.0
2026-05-15,미국,LLYVA,"Liberty Live Holdings, Inc. - Series A Liberty Live Group",97.14,9099516341.0,1.78,1.3,3.3,0,Movies/Entertainment,거래량 급증 / 거래량 12.24배,,,,,,,,,,,,,,,,1.0
2026-05-15,한국,138530,Mirae Asset Tiger LG Group ETF,13870.0,,1.78,0.3,4.6,0,Investment Trusts/Mutual Funds,거래량 급증 / 거래량 13.21배 / 기관 순매수 우위,,,,,,,,,,,,,,https://markets.hankyung.com/consensus?searchWord=Mirae%20Asset%20Tiger%20LG%20Group%20ETF,기관 순매수 우위,1.0
2026-05-15,한국,463690,SAMSUNG KODEX SP500 Communication Services ETF Units,20165.0,,1.78,0.3,4.6,0,Investment Trusts/Mutual Funds,거래량 급증 / 거래량 10.55배 / 기관 순매수 우위,,,,,,,,,,,,,,https://markets.hankyung.com/consensus?searchWord=SAMSUNG%20KODEX%20SP500%20Communication%20Services%20ETF%20Units,기관 순매수 우위,1.0
2026-05-15,한국,304760,NH-Amundi HANARO KRX300 ETF,51645.0,,1.78,0.3,4.6,10,Investment Trusts/Mutual Funds,거래량 급증 / 거래량 8.64배 / 외국인 순매수 우위,,,,,,,,,,,,,,https://markets.hankyung.com/consensus?searchWord=NH-Amundi%20HANARO%20KRX300%20ETF,외국인 순매수 우위,1.0
2026-05-15,한국,078930,GS Holdings Corp.,77300.0,7040378895092.0,1.78,2.3,2.8,0,Food Retail,거래량 급증 / 거래량 2.51배,,,,,,,,,,,,,,,,1.0
2026-05-15,한국,007070,"GS Retail Co., Ltd.",29450.0,2406689208984.0,1.78,2.3,2.8,0,Food Retail,거래량 급증 / 거래량 2.22배,,,,,,,,,,,,,,,,1.0
2026-05-15,미국,LNZNF,Lenzing AG,28.6136,1105005152.921691,1.74,1.3,3.84,0,Textiles,거래량 급증 / 거래량 8.04배,,,,,,,,,,,,,,,,1.0
2026-05-15,한국,035510,Shinsegae I&C Inc.,19660.0,257657859802.0,1.74,2.3,3.1,0,Information Technology Services,거래량 급증 / 거래량 3.12배,,,,,,,,,,,,,,,,1.0
2026-05-15,한국,381970,"K Car Co., Ltd.",10250.0,495531592560.0,1.74,2.3,3.1,0,Specialty Stores,거래량 급증 / 거래량 3.09배,,,,,,,,,,,,,,,,1.0
2026-05-15,미국,FMCKP,Freddie Mac,18.6676,4537415813.0,1.64,1.3,3.7,0,Finance/Rental/Leasing,거래량 급증 / 거래량 2.43배,,,,,,,,,,,,,,,,1.0
2026-05-15,미국,FMCCK,Freddie Mac,18.16,4537415813.0,1.64,1.3,3.7,0,Finance/Rental/Leasing,거래량 급증 / 거래량 2.34배,,,,,,,,,,,,,,,,1.0
2026-05-15,한국,030000,Cheil Worldwide Inc,19590.0,1965820045853.0,1.64,2.3,2.8,0,Advertising/Marketing Services,거래량 급증 / 거래량 2.47배,,,,,,,,,,,,,,,,1.0
2026-05-15,미국,SVRZF,PURPOSE INVESTMENTS INC. SILVER BULLION FD ETF NON CURRENCY HEDGE,46.0,,1.62,0.3,4.0,0,Investment Trusts/Mutual Funds,거래량 급증 / 거래량 4.50배,,,,,,,,,,,,,,,,1.0
2026-05-15,미국,CBTN,"Citizens Bancorp Investment, Inc.",37.65,222223953.13649562,1.62,0.7,3.64,0,Regional Banks,거래량 급증 / 거래량 3.19배,,,,,,,,,,,,,,,,1.0
2026-05-15,한국,455900,"Angel Robotics Co., Ltd.",29750.0,456651555300.0,1.62,2.3,2.2,0,Electronic Equipment/Instruments,거래량 급증 / 거래량 3.38배,,,,,,,,,,,,,,,,1.0
2026-05-15,한국,034220,"LG Display Co., Ltd",14100.0,7670000000000.0,1.62,2.3,2.2,0,Electronic Production Equipment,거래량 급증 / 거래량 3.24배,,,,,,,,,,,,,,,,1.0
2026-05-15,미국,THYKF,THYSSENKRUPP NUCERA AG & CO.,10.18,1285886696.5393767,1.58,1.3,3.64,0,Engineering & Construction,거래량 급증 / 거래량 4.14배,,,,,,,,,,,,,,,,1.0
2026-05-15,미국,CULL,"Cullman Bancorp, Inc.",15.0,99764713.99999999,1.54,0.7,3.3,0,Savings Banks,거래량 급증 / 거래량 8.39배,,,,,,,,,,,,,,,,1.0
2026-05-15,미국,KBON,Karbon Capital Partners Corp.,10.09,345552573.06,1.54,0.7,3.3,0,Financial Conglomerates,거래량 급증 / 거래량 5.78배,,,,,,,,,,,,,,,,1.0
2026-05-15,미국,MNBO,MNB Holdings Corp.,55.0,25179441.39177587,1.54,0.7,3.7,0,Major Banks,거래량 급증 / 거래량 2.46배,,,,,,,,,,,,,,,,1.0
2026-05-15,한국,295000,KB RISE KTB 10Y Futures ETF,51155.0,,1.5,0.3,4.6,0,Investment Trusts/Mutual Funds,거래량 급증 / 거래량 62.10배 / 기관 순매수 우위,,,,,,,,,,,,,,https://markets.hankyung.com/consensus?searchWord=KB%20RISE%20KTB%2010Y%20Futures%20ETF,기관 순매수 우위,1.0
2026-05-15,한국,610012,"MERITZ SECURITIES Co., Ltd.",82430.0,,1.5,0.3,4.6,10,Investment Banks/Brokers,거래량 급증 / 거래량 8.02배 / 외국인 순매수 우위,,,,,,,,,,,,,,https://markets.hankyung.com/consensus?searchWord=MERITZ%20SECURITIES%20Co.%2C%20Ltd.,외국인 순매수 우위,1.0
2026-05-15,한국,140610,"Ensol Biosciences, Inc.",13010.0,176098254204.0,1.5,2.3,2.8,0,Medical Distributors,거래량 급증 / 거래량 2.27배,,,,,,,,,,,,,,,,1.0
2026-05-15,한국,065660,"Anterogen Co., Ltd.",33000.0,324697935295.0,1.5,2.3,2.8,0,Biotechnology,거래량 급증 / 거래량 2.19배,,,,,,,,,,,,,,,,1.0
2026-05-15,미국,GEMG,Leverage Shares 2X Long GEMI Daily ETF,22.81,,1.48,0.3,4.0,0,Investment Trusts/Mutual Funds,거래량 급증 / 거래량 3.92배,,,,,,,,,,,,,,,,1.0
2026-05-15,미국,XTRKF,XTRACKERS IE PLC,426.4107,,1.46,0.3,3.64,0,Investment Trusts/Mutual Funds,거래량 급증 / 거래량 4.83배,,,,,,,,,,,,,,,,1.0
2026-05-15,미국,OKTG,Leverage Shares 2X Long OKTA Daily ETF,11.4177,,1.46,0.3,3.64,0,Investment Trusts/Mutual Funds,거래량 급증 / 거래량 3.25배,,,,,,,,,,,,,,,,1.0
2026-05-15,미국,ELLH,Elah Holdings Inc.,13.8,10199525.0,1.4,0.7,3.3,0,Financial Conglomerates,거래량 급증 / 거래량 5.66배,,,,,,,,,,,,,,,,1.0
2026-05-15,미국,AAUS,Alpha Architect US Equity ETF,59.8,,1.38,0.3,3.3,0,Investment Trusts/Mutual Funds,거래량 급증 / 거래량 183.36배,,,,,,,,,,,,,,,,1.0
2026-05-15,미국,RMRC,ARMOR Core Risk-Managed ETF,25.215,,1.38,0.3,3.3,0,Investment Trusts/Mutual Funds,거래량 급증 / 거래량 55.16배,,,,,,,,,,,,,,,,1.0
2026-05-15,미국,NOEQ,Northern Trust US Equity ETF,28.4869,,1.38,0.3,3.3,0,Investment Trusts/Mutual Funds,거래량 급증 / 거래량 35.51배,,,,,,,,,,,,,,,,1.0
2026-05-15,미국,BLKXF,ISHARES IV PLC,15.6181,,1.38,0.3,3.3,0,Investment Trusts/Mutual Funds,거래량 급증 / 거래량 28.10배,,,,,,,,,,,,,,,,1.0
2026-05-15,미국,PSFM,Pacer Swan SOS Flex (April) ETF,34.5626,,1.38,0.3,3.3,0,Investment Trusts/Mutual Funds,거래량 급증 / 거래량 25.67배,,,,,,,,,,,,,,,,1.0
2026-05-15,미국,TINS,Templeton International Insights ETF,28.5568,,1.38,0.3,3.3,0,Investment Trusts/Mutual Funds,거래량 급증 / 거래량 19.59배,,,,,,,,,,,,,,,,1.0
2026-05-15,미국,PSMR,Pacer Swan SOS Moderate (April) ETF,31.9576,,1.38,0.3,3.3,0,Investment Trusts/Mutual Funds,거래량 급증 / 거래량 16.48배,,,,,,,,,,,,,,,,1.0
2026-05-15,미국,SHDG,Soundwatch Hedged Equity ETF,32.4034,,1.38,0.3,3.3,0,Investment Trusts/Mutual Funds,거래량 급증 / 거래량 13.68배,,,,,,,,,,,,,,,,1.0
2026-05-15,미국,ONEH,TrueShares Equity Hedge ETF,24.7,,1.38,0.3,3.3,0,Investment Trusts/Mutual Funds,거래량 급증 / 거래량 12.26배,,,,,,,,,,,,,,,,1.0
2026-05-15,미국,JHLN,John Hancock Global Senior Loan ETF,24.78,,1.38,0.3,3.3,0,Investment Trusts/Mutual Funds,거래량 급증 / 거래량 10.74배,,,,,,,,,,,,,,,,1.0
2026-05-15,미국,KLMN,Invesco MSCI North America Climate ETF,30.6342,,1.38,0.3,3.3,0,Investment Trusts/Mutual Funds,거래량 급증 / 거래량 10.71배,,,,,,,,,,,,,,,,1.0
2026-05-15,미국,PSET,Principal Quality ETF,75.1615,,1.38,0.3,3.3,0,Investment Trusts/Mutual Funds,거래량 급증 / 거래량 10.29배,,,,,,,,,,,,,,,,1.0
2026-05-15,미국,HOLD,Harbor Alpha Layering ETF,34.48,,1.38,0.3,3.3,0,Investment Trusts/Mutual Funds,거래량 급증 / 거래량 10.10배,,,,,,,,,,,,,,,,1.0
2026-05-15,미국,UBLXF,U-Blox Holding AG,170.0,1283906935.9165425,1.38,1.3,2.4,0,Telecommunications Equipment,거래량 급증 / 거래량 9.19배,,,,,,,,,,,,,,,,1.0
2026-05-15,미국,PAYH,TrueShares S&P Autocallable High Income ETF,25.7472,,1.38,0.3,3.3,0,Investment Trusts/Mutual Funds,거래량 급증 / 거래량 8.90배,,,,,,,,,,,,,,,,1.0
2026-05-15,미국,BBB,CYBER HORNET S&P 500 and Bitcoin 75/25 Strategy ETF,31.0909,,1.38,0.3,3.3,0,Investment Trusts/Mutual Funds,거래량 급증 / 거래량 8.73배,,,,,,,,,,,,,,,,1.0
2026-05-15,미국,CSM,ProShares Large Cap Core Plus,85.36,,1.38,0.3,3.3,0,Investment Trusts/Mutual Funds,거래량 급증 / 거래량 8.56배,,,,,,,,,,,,,,,,1.0
2026-05-15,미국,MSTQ,LHA Market State Tactical Q ETF,39.5648,,1.38,0.3,3.3,0,Investment Trusts/Mutual Funds,거래량 급증 / 거래량 8.16배,,,,,,,,,,,,,,,,1.0
2026-05-15,미국,SEURF,SSGA SPDR ETFS Europe I PLC,18.4451,,1.38,0.3,3.3,0,Investment Trusts/Mutual Funds,거래량 급증 / 거래량 7.80배,,,,,,,,,,,,,,,,1.0
2026-05-15,미국,JHDV,John Hancock U.S. High Dividend ETF,45.7935,,1.38,0.3,3.3,0,Investment Trusts/Mutual Funds,거래량 급증 / 거래량 7.80배,,,,,,,,,,,,,,,,1.0
2026-05-15,미국,BWTG,Brendan Wood TopGun Index ETF,41.25,,1.38,0.3,3.3,0,Investment Trusts/Mutual Funds,거래량 급증 / 거래량 7.60배,,,,,,,,,,,,,,,,1.0
2026-05-15,미국,HYGM,Amplify HYG High Yield 10% Target Income ETF,25.0001,,1.38,0.3,3.3,0,Investment Trusts/Mutual Funds,거래량 급증 / 거래량 7.31배,,,,,,,,,,,,,,,,1.0
2026-05-15,미국,TOV,JLens 500 Jewish Advocacy U.S. ETF,31.725,,1.38,0.3,3.3,0,Investment Trusts/Mutual Funds,거래량 급증 / 거래량 7.06배,,,,,,,,,,,,,,,,1.0
2026-05-15,미국,VGRO,Virtus Silvant Growth Opportunities ETF,26.4542,,1.38,0.3,3.3,0,Investment Trusts/Mutual Funds,거래량 급증 / 거래량 6.89배,,,,,,,,,,,,,,,,1.0
2026-05-15,미국,ISPAF,ISHARES V PLC IBONDS DEC 2026 TERM USD CORP UCITS ETF,115.5202,,1.38,0.3,3.3,0,Investment Trusts/Mutual Funds,거래량 급증 / 거래량 6.85배,,,,,,,,,,,,,,,,1.0
2026-05-15,미국,TPAY,Roundhill S&P 500 Target 10 Managed Distribution ETF,54.1156,,1.38,0.3,3.3,0,Investment Trusts/Mutual Funds,거래량 급증 / 거래량 6.62배,,,,,,,,,,,,,,,,1.0
2026-05-15,미국,AGRH,iShares Interest Rate Hedged US Aggregate Bond ETF,26.235,,1.38,0.3,3.3,0,Investment Trusts/Mutual Funds,거래량 급증 / 거래량 6.54배,,,,,,,,,,,,,,,,1.0
2026-05-15,미국,BWEB,Bitwise Web3 ETF,77.8447,,1.38,0.3,3.3,0,Investment Trusts/Mutual Funds,거래량 급증 / 거래량 6.07배,,,,,,,,,,,,,,,,1.0
2026-05-15,미국,SRXIF,ISHARES IV PLC MSCI WORLD SRI UCITS ETF USD DIS,11.51,,1.38,0.3,3.3,0,Investment Trusts/Mutual Funds,거래량 급증 / 거래량 5.94배,,,,,,,,,,,,,,,,1.0
2026-05-15,미국,VOTE,TCW Transform 500 ETF,87.9366,,1.38,0.3,3.3,0,Investment Trusts/Mutual Funds,거래량 급증 / 거래량 5.90배,,,,,,,,,,,,,,,,1.0
2026-05-15,미국,GKAT,Scharf Global Opportunity ETF,43.7049,,1.38,0.3,3.3,0,Investment Trusts/Mutual Funds,거래량 급증 / 거래량 5.77배,,,,,,,,,,,,,,,,1.0
2026-05-15,미국,SNPG,Xtrackers S&P 500 Growth ESG ETF,57.1625,,1.38,0.3,3.3,0,Investment Trusts/Mutual Funds,거래량 급증 / 거래량 5.77배,,,,,,,,,,,,,,,,1.0
2026-05-15,미국,FB,ProShares S&P 500 Dynamic Buffer ETF,44.61,,1.38,0.3,3.3,0,Investment Trusts/Mutual Funds,거래량 급증 / 거래량 5.70배,,,,,,,,,,,,,,,,1.0
2026-05-15,미국,PSFJ,Pacer Swan SOS Flex (July) ETF,34.745,,1.38,0.3,3.3,0,Investment Trusts/Mutual Funds,거래량 급증 / 거래량 5.45배,,,,,,,,,,,,,,,,1.0
2026-05-15,미국,PRAY,FIS Biblically Responsible Risk Managed ETF,35.7473,,1.38,0.3,3.3,0,Investment Trusts/Mutual Funds,거래량 급증 / 거래량 5.37배,,,,,,,,,,,,,,,,1.0
2026-05-15,미국,UJUN,Innovator U.S. Equity Ultra Buffer ETF - June,38.575,,1.38,0.3,3.3,0,Investment Trusts/Mutual Funds,거래량 급증 / 거래량 5.15배,,,,,,,,,,,,,,,,1.0
2026-05-15,미국,SSDRF,SSGA SPDR ETFS Europe I PLC,114.3549,,1.38,0.3,3.3,0,Investment Trusts/Mutual Funds,거래량 급증 / 거래량 5.09배,,,,,,,,,,,,,,,,1.0
2026-05-15,미국,KEEX,Defiance Daily Target 2x Long KEEL ETF,82.16,,1.38,0.3,3.7,0,Investment Trusts/Mutual Funds,거래량 급증 / 거래량 2.12배,,,,,,,,,,,,,,,,1.0
2026-05-15,미국,BDDXF,Deutsche Bank AG (London Branch),14.05,,1.38,0.3,3.7,0,Investment Trusts/Mutual Funds,거래량 급증 / 거래량 2.10배,,,,,,,,,,,,,,,,1.0
2026-05-15,미국,FPHOY,First Phosphate Corp.,13.11,,1.38,0.3,3.7,0,Other Metals/Minerals,거래량 급증 / 거래량 2.58배,,,,,,,,,,,,,,,,1.0
2026-05-15,미국,NVDB,ProShares Ultra NVDA,40.65,,1.38,0.3,3.7,0,Investment Trusts/Mutual Funds,거래량 급증 / 거래량 2.66배,,,,,,,,,,,,,,,,1.0
2026-05-15,미국,CHNU,2x Chainlink ETF,28.1592,,1.38,0.3,3.7,0,Investment Trusts/Mutual Funds,거래량 급증 / 거래량 2.99배,,,,,,,,,,,,,,,,1.0
2026-05-15,미국,LUMB,Lumbee Guaranty Bank,13.99,46520889.41920732,1.38,0.7,3.34,0,Regional Banks,거래량 급증 / 거래량 2.01배,,,,,,,,,,,,,,,,1.0
2026-05-15,한국,292770,Samsung KODEX 3Y F-KTB INVERSE ETF,57660.0,,1.38,0.3,3.3,0,Investment Trusts/Mutual Funds,거래량 급증 / 거래량 1862.59배 / 외국인+기관 순매도,,,,,,,,,,,,,,https://markets.hankyung.com/consensus?searchWord=Samsung%20KODEX%203Y%20F-KTB%20INVERSE%20ETF,외국인+기관 순매도,1.0
2026-05-15,한국,610072,MERITZ SECURITIES CO LTD 2023-19.10.33 (Exp.17.10.33) on KAP Leverage CNH Structured Note,31395.0,,1.38,0.3,3.3,0,Investment Banks/Brokers,거래량 급증 / 거래량 32.10배 / 외국인+기관 순매도,,,,,,,,,,,,,,https://markets.hankyung.com/consensus?searchWord=MERITZ%20SECURITIES%20CO%20LTD%202023-19.10.33%20%28Exp.17.10.33%29%20on%20KAP%20Leverage%20CNH%20Structured%20Note,외국인+기관 순매도,1.0
2026-05-15,한국,266390,SAMSUNG KODEX Consumer Discretionary ETF,15280.0,,1.38,0.3,3.3,0,Investment Trusts/Mutual Funds,거래량 급증 / 거래량 8.54배 / 외국인+기관 순매도,,,,,,,,,,,,,,https://markets.hankyung.com/consensus?searchWord=SAMSUNG%20KODEX%20Consumer%20Discretionary%20ETF,외국인+기관 순매도,1.0
2026-05-15,한국,610063,MERITZ SECURITIES CO LTD 2023-30.03.33 (Exp.28.03.33) on KIS CD Interest Rate Inv Structured Note,55275.0,,1.38,0.3,3.3,0,Investment Banks/Brokers,거래량 급증 / 거래량 8.20배 / 외국인+기관 순매도,,,,,,,,,,,,,,https://markets.hankyung.com/consensus?searchWord=MERITZ%20SECURITIES%20CO%20LTD%202023-30.03.33%20%28Exp.28.03.33%29%20on%20KIS%20CD%20Interest%20Rate%20Inv%20Structured%20Note,외국인+기관 순매도,1.0
2026-05-15,한국,418420,"RAONTECH, Inc.",11130.0,349423306561.0,1.38,2.3,1.9,0,Semiconductors,거래량 급증 / 거래량 2.83배,,,,,,,,,,,,,,,,1.0
2026-05-15,한국,204320,"HL Mando Co., Ltd.",61700.0,2950198932266.0,1.38,2.3,1.9,0,Auto Parts: OEM,거래량 급증 / 거래량 2.67배,,,,,,,,,,,,,,,,1.0
2026-05-15,한국,760013,Kiwoom Leverage Semiconductor TOP10 ETN,179425.0,,1.34,-0.5,4.6,0,,거래량 급증 / 거래량 19.44배 / 기관 순매수 우위,,,,,,,,,,,,,,https://markets.hankyung.com/consensus?searchWord=Kiwoom%20Leverage%20Semiconductor%20TOP10%20ETN,기관 순매수 우위,1.0
2026-05-15,한국,160190,"HIGEN RNM Co., Ltd.",38450.0,1121097619629.0,1.34,2.3,2.2,0,Electrical Products,거래량 급증 / 거래량 3.90배,,,,,,,,,,,,,,,,1.0
2026-05-15,한국,022100,POSCO DX COMPANY LTD.,33700.0,5412473017120.0,1.34,2.3,2.2,0,Information Technology Services,거래량 급증 / 거래량 3.88배,,,,,,,,,,,,,,,,1.0
2026-05-15,한국,003540,"Daishin Securities Co., Ltd",33900.0,1939961756706.0,1.34,2.3,2.2,0,Investment Banks/Brokers,거래량 급증 / 거래량 3.33배,,,,,,,,,,,,,,,,1.0
2026-05-15,한국,010060,OCI Holdings Company Ltd.,291000.0,6752561891556.0,1.34,2.3,2.2,0,Chemicals: Specialty,거래량 급증 / 거래량 3.32배,,,,,,,,,,,,,,,,1.0
2026-05-15,한국,388720,"Yuilrobotics Co., Ltd.",98100.0,1171065634727.0,1.34,2.3,2.2,0,Industrial Machinery,거래량 급증 / 거래량 3.11배,,,,,,,,,,,,,,,,1.0
2026-05-15,한국,200580,"Medyssey Co., Ltd.",11790.0,43557863359.0,1.34,1.9,2.8,0,Medical Specialties,거래량 급증 / 거래량 2.78배,,,,,,,,,,,,,,,,1.0
2026-05-15,미국,AUGT,AllianzIM U.S. Large Cap Buffer10 Aug ETF,37.55,,1.24,0.3,3.3,0,Investment Trusts/Mutual Funds,거래량 급증 / 거래량 209.64배,,,,,,,,,,,,,,,,1.0
2026-05-15,미국,FHDG,FT Vest U.S. Equity Quarterly Dynamic Buffer ETF,35.82,,1.24,0.3,3.3,0,Investment Trusts/Mutual Funds,거래량 급증 / 거래량 74.09배,,,,,,,,,,,,,,,,1.0
2026-05-15,미국,PZIV,Pzena International Value ETF,27.5738,,1.24,0.3,3.3,0,Investment Trusts/Mutual Funds,거래량 급증 / 거래량 49.42배,,,,,,,,,,,,,,,,1.0
2026-05-15,미국,PRBEF,PURPOSE INVESTMENTS INC. BITCOIN ETF USD ETF NON CURRENCY HEDGED,14.4,,1.24,0.3,3.3,0,Investment Trusts/Mutual Funds,거래량 급증 / 거래량 35.15배,,,,,,,,,,,,,,,,1.0
2026-05-15,미국,SQMX,FT Vest U.S. Equity Quarterly Max Buffer ETF,33.995,,1.24,0.3,3.3,0,Investment Trusts/Mutual Funds,거래량 급증 / 거래량 29.13배,,,,,,,,,,,,,,,,1.0
2026-05-15,미국,GRW,TCW Durable Growth ETF,30.5956,,1.24,0.3,3.3,0,Investment Trusts/Mutual Funds,거래량 급증 / 거래량 28.03배,,,,,,,,,,,,,,,,1.0
2026-05-15,미국,BFAP,FT Vest Bitcoin Strategy Floor15 ETF April,15.536,,1.24,0.3,3.3,0,Investment Trusts/Mutual Funds,거래량 급증 / 거래량 25.62배,,,,,,,,,,,,,,,,1.0
2026-05-15,미국,JPSV,JPMorgan Active Small Cap Value ETF,63.3681,,1.24,0.3,3.3,0,Investment Trusts/Mutual Funds,거래량 급증 / 거래량 20.65배,,,,,,,,,,,,,,,,1.0
2026-05-15,미국,XLSI,State Street Consumer Staples Select Sector SPDR Premium Income ETF,23.98,,1.24,0.3,3.3,0,Investment Trusts/Mutual Funds,거래량 급증 / 거래량 17.67배,,,,,,,,,,,,,,,,1.0
2026-05-15,미국,QB,ProShares Nasdaq-100 Dynamic Buffer ETF,46.46,,1.24,0.3,3.3,0,Investment Trusts/Mutual Funds,거래량 급증 / 거래량 16.87배,,,,,,,,,,,,,,,,1.0
2026-05-15,미국,ZMUN,F/m Ultrashort Tax-Free Municipal ETF,50.155,,1.24,0.3,3.3,0,Investment Trusts/Mutual Funds,거래량 급증 / 거래량 14.62배,,,,,,,,,,,,,,,,1.0
2026-05-15,미국,AUGW,AllianzIM U.S. Large Cap Buffer20 Aug ETF,33.6901,,1.24,0.3,3.3,0,Investment Trusts/Mutual Funds,거래량 급증 / 거래량 13.42배,,,,,,,,,,,,,,,,1.0
2026-05-15,미국,ISVYF,IShares VII PLC,11.8589,,1.24,0.3,3.3,0,Investment Trusts/Mutual Funds,거래량 급증 / 거래량 11.88배,,,,,,,,,,,,,,,,1.0
2026-05-15,미국,IVRS,iShares Future Metaverse Tech and Communications ETF,33.2929,,1.24,0.3,3.3,0,Investment Trusts/Mutual Funds,거래량 급증 / 거래량 11.63배,,,,,,,,,,,,,,,,1.0
2026-05-15,미국,IHCNF,IShares VII PLC,298.9825,,1.24,0.3,3.3,0,Investment Trusts/Mutual Funds,거래량 급증 / 거래량 11.59배,,,,,,,,,,,,,,,,1.0
2026-05-15,미국,DHDG,FT Vest U.S. Equity Quarterly 2.5 to 15 Buffer ETF,36.11,,1.24,0.3,3.3,0,Investment Trusts/Mutual Funds,거래량 급증 / 거래량 11.30배,,,,,,,,,,,,,,,,1.0
2026-05-15,미국,MIDE,Xtrackers S&P MidCap 400 Scored & Screened ETF,36.6778,,1.24,0.3,3.3,0,Investment Trusts/Mutual Funds,거래량 급증 / 거래량 10.49배,,,,,,,,,,,,,,,,1.0
2026-05-15,미국,PCFI,Polen Floating Rate Income ETF,23.005,,1.24,0.3,3.3,0,Investment Trusts/Mutual Funds,거래량 급증 / 거래량 9.91배,,,,,,,,,,,,,,,,1.0
2026-05-15,미국,MYHD,State Street My2030 High Yield Corporate Bond ETF,24.9803,,1.24,0.3,3.3,0,Investment Trusts/Mutual Funds,거래량 급증 / 거래량 9.87배,,,,,,,,,,,,,,,,1.0
2026-05-15,미국,MRGR,ProShares Merger ETF,45.118,,1.24,0.3,3.3,0,Investment Trusts/Mutual Funds,거래량 급증 / 거래량 9.66배,,,,,,,,,,,,,,,,1.0
2026-05-15,미국,CLCV,Crossmark Large Cap Value ETF,28.7224,,1.24,0.3,3.3,0,Investment Trusts/Mutual Funds,거래량 급증 / 거래량 8.89배,,,,,,,,,,,,,,,,1.0
2026-05-15,미국,QVMS,Invesco S&P SmallCap 600 QVM Multi-factor ETF,31.9013,,1.24,0.3,3.3,0,Investment Trusts/Mutual Funds,거래량 급증 / 거래량 8.56배,,,,,,,,,,,,,,,,1.0
2026-05-15,미국,PYT,PPlus Tr GSC-2 Tr Ctf Fltg Rate,23.4,,1.24,0.3,3.3,0,Finance/Rental/Leasing,거래량 급증 / 거래량 8.54배,,,,,,,,,,,,,,,,1.0
2026-05-15,미국,DIEM,Franklin Emerging Market Core Dividend Tilt Index ETF,42.1403,,1.24,0.3,3.3,0,Investment Trusts/Mutual Funds,거래량 급증 / 거래량 8.06배,,,,,,,,,,,,,,,,1.0
2026-05-15,미국,SEPM,FT Vest U.S. Equity Max Buffer ETF - September,32.62,,1.24,0.3,3.3,0,Investment Trusts/Mutual Funds,거래량 급증 / 거래량 7.92배,,,,,,,,,,,,,,,,1.0
2026-05-15,미국,FLG/PU,"Flagstar Bank, N.A. Bifurcated Option Note",41.48,5710367126.0,1.24,1.3,2.4,0,Major Banks,거래량 급증 / 거래량 7.38배,,,,,,,,,,,,,,,,1.0
2026-05-15,미국,INTM,Invesco Intermediate Municipal ETF,51.76,,1.24,0.3,3.3,0,Investment Trusts/Mutual Funds,거래량 급증 / 거래량 7.31배,,,,,,,,,,,,,,,,1.0
2026-05-15,미국,MAXJ,iShares Large Cap Max Buffer Jun ETF,28.89,,1.24,0.3,3.3,0,Investment Trusts/Mutual Funds,거래량 급증 / 거래량 7.10배,,,,,,,,,,,,,,,,1.0
2026-05-15,미국,USFE,First Eagle US Equity ETF,34.7259,,1.24,0.3,3.3,0,Investment Trusts/Mutual Funds,거래량 급증 / 거래량 6.81배,,,,,,,,,,,,,,,,1.0
2026-05-15,미국,MMK,State Street Prime Money Market ETF,100.13,,1.24,0.3,3.3,0,Investment Trusts/Mutual Funds,거래량 급증 / 거래량 6.31배,,,,,,,,,,,,,,,,1.0
2026-05-15,미국,RULE,Adaptive Core ETF,30.913,,1.24,0.3,3.3,0,Investment Trusts/Mutual Funds,거래량 급증 / 거래량 5.83배,,,,,,,,,,,,,,,,1.0
2026-05-15,미국,XOEF,iShares S&P 500 ex S&P 100 ETF,28.59,,1.24,0.3,3.3,0,Investment Trusts/Mutual Funds,거래량 급증 / 거래량 5.58배,,,,,,,,,,,,,,,,1.0
2026-05-15,미국,QBSF,AllianzIM U.S. Equity Buffer15 ETF,26.805,,1.24,0.3,3.3,0,Investment Trusts/Mutual Funds,거래량 급증 / 거래량 5.56배,,,,,,,,,,,,,,,,1.0
2026-05-15,미국,PRIF/PD,"Priority Income Fund, Inc. 7.00% Series D Term Preferred Stock due 2029",25.0288,,1.24,0.3,3.3,0,Investment Trusts/Mutual Funds,거래량 급증 / 거래량 5.30배,,,,,,,,,,,,,,,,1.0
2026-05-15,미국,NJUN,Innovator Growth-100 Power Buffer ETF - June,32.82,,1.24,0.3,3.3,0,Investment Trusts/Mutual Funds,거래량 급증 / 거래량 5.15배,,,,,,,,,,,,,,,,1.0
2026-05-15,미국,GAUD,Guinness Atkinson US Dividend Builder ETF,24.2249,,1.24,0.3,3.3,0,Investment Trusts/Mutual Funds,거래량 급증 / 거래량 5.00배,,,,,,,,,,,,,,,,1.0
2026-05-15,한국,005950,ISU CHEMICAL CO. LTD.,10010.0,263172440300.00003,1.24,2.3,1.9,0,Chemicals: Specialty,거래량 급증 / 거래량 2.59배,,,,,,,,,,,,,,,,1.0
2026-05-15,미국,DTAN,Sparkline International Intangible Value ETF,32.1858,,1.22,0.3,3.1,0,Investment Trusts/Mutual Funds,거래량 급증 / 거래량 4.74배,,,,,,,,,,,,,,,,1.0
2026-05-15,미국,IVSPF,ISHARES V PLC,14.954,,1.22,0.3,3.1,0,Investment Trusts/Mutual Funds,거래량 급증 / 거래량 4.71배,,,,,,,,,,,,,,,,1.0
2026-05-15,미국,OCCIM,"OFS Credit Company, Inc. - 7.875% Series F Term Preferred Stock",25.45,,1.22,0.3,3.1,0,Investment Trusts/Mutual Funds,거래량 급증 / 거래량 4.70배,,,,,,,,,,,,,,,,1.0
2026-05-15,미국,CRDD,Cardano ETF,22.3798,,1.22,0.3,3.1,0,Investment Trusts/Mutual Funds,거래량 급증 / 거래량 4.53배,,,,,,,,,,,,,,,,1.0
2026-05-15,미국,PAYM,TrueShares S&P Autocallable Defensive Income ETF,25.6259,,1.22,0.3,3.1,0,Investment Trusts/Mutual Funds,거래량 급증 / 거래량 4.46배,,,,,,,,,,,,,,,,1.0
2026-05-15,미국,WELPP,Wisconsin Electric Power Co.,66.5,,1.22,0.3,3.1,0,Electric Utilities,거래량 급증 / 거래량 4.24배,,,,,,,,,,,,,,,,1.0
2026-05-15,미국,CFIT,Cambria Fixed Income Trend ETF,26.0864,,1.22,0.3,3.1,0,Investment Trusts/Mutual Funds,거래량 급증 / 거래량 4.23배,,,,,,,,,,,,,,,,1.0
2026-05-15,미국,IHSRF,ISHARES VI PLC,111.5,,1.22,0.3,3.1,0,Investment Trusts/Mutual Funds,거래량 급증 / 거래량 4.12배,,,,,,,,,,,,,,,,1.0
2026-05-15,미국,FRIZ,Franklin Dividend Growth ETF,26.0922,,1.22,0.3,3.1,0,Investment Trusts/Mutual Funds,거래량 급증 / 거래량 4.02배,,,,,,,,,,,,,,,,1.0
2026-05-15,미국,TEMX,Touchstone Sands Capital Emerging Markets ex-China Growth ETF,36.1678,,1.22,0.3,3.1,0,Investment Trusts/Mutual Funds,거래량 급증 / 거래량 4.00배,,,,,,,,,,,,,,,,1.0
2026-05-15,미국,IRSLF,ISHARES VII PLC RUSSELL 1000 VALUE UCITS ETF USD ACC,39.7039,,1.22,0.3,3.1,0,Investment Trusts/Mutual Funds,거래량 급증 / 거래량 3.95배,,,,,,,,,,,,,,,,1.0
2026-05-15,미국,EFNCF,LEGAL & GENERAL UCITS ETF PLC LONGER DATED ALL COMMODITIES ETF USD,31.661,,1.22,0.3,3.1,0,Investment Trusts/Mutual Funds,거래량 급증 / 거래량 3.86배,,,,,,,,,,,,,,,,1.0
2026-05-15,한국,182490,Mirae Asset Tiger Synth-iBoxx Short Term High Yield ETF,13830.0,,1.22,0.3,3.1,0,Investment Trusts/Mutual Funds,거래량 급증 / 거래량 4.61배,,,,,,,,,,,,,,,,1.0
2026-05-15,한국,138230,Kiwoom KIWOOM USD Futures ETF Units,17435.0,,1.22,0.3,3.1,0,Investment Trusts/Mutual Funds,거래량 급증 / 거래량 4.48배,,,,,,,,,,,,,,,,1.0
2026-05-15,한국,459750,KB RISE Global Equity Allocation Active ETF Units,18970.0,,1.22,0.3,3.1,0,Investment Trusts/Mutual Funds,거래량 급증 / 거래량 3.96배,,,,,,,,,,,,,,,,1.0
2026-05-15,한국,000080,KIM ACE US Focus Manufacturing Mid-Small Cap ETF Units,14955.0,,1.22,0.3,3.1,0,Investment Trusts/Mutual Funds,거래량 급증 / 거래량 3.94배,,,,,,,,,,,,,,,,1.0
2026-05-15,한국,276650,KB KBSTAR Global 4th Industry Revolution IT ETF,46050.0,,1.22,0.3,3.1,0,Investment Trusts/Mutual Funds,거래량 급증 / 거래량 3.80배,,,,,,,,,,,,,,,,1.0
2026-05-15,한국,391600,KIM ACE American Eco-Friendly Green Theme INDXX,12890.0,,1.22,0.3,3.1,0,Investment Trusts/Mutual Funds,거래량 급증 / 거래량 3.68배,,,,,,,,,,,,,,,,1.0
2026-05-15,한국,001130,SAMSUNGACTIVE KoAct US Biohealthcare Active ETF Units,10300.0,,1.22,0.3,3.1,0,Investment Trusts/Mutual Funds,거래량 급증 / 거래량 3.43배,,,,,,,,,,,,,,,,1.0
2026-05-15,한국,295020,KB RISE KTB 10Y Futures Inverse ETF,60205.0,,1.22,0.3,3.1,0,Investment Trusts/Mutual Funds,거래량 급증 / 거래량 3.33배,,,,,,,,,,,,,,,,1.0
2026-05-15,한국,610077,MERITZ SECURITIES MERITZ US Treasury Bond 30Y Exchange Traded Note 77,11210.0,,1.2,-0.5,4.6,0,,거래량 급증 / 거래량 600.00배 / 기관 순매수 우위,,,,,,,,,,,,,,https://markets.hankyung.com/consensus?searchWord=MERITZ%20SECURITIES%20MERITZ%20US%20Treasury%20Bond%2030Y%20Exchange%20Traded%20Note%2077,기관 순매수 우위,1.0
2026-05-15,한국,580081,KB Securities KB Inverse 2X Silver Futures ETN 81,34895.0,,1.2,-0.5,4.2,0,,거래량 급증 / 거래량 13.44배 / 외국인+기관 순매도,,,,,,,,,,,,,,https://markets.hankyung.com/consensus?searchWord=KB%20Securities%20KB%20Inverse%202X%20Silver%20Futures%20ETN%2081,외국인+기관 순매도,1.0
2026-05-15,한국,530141,Samsung Securities Co Ltd 2025-11.09.35 (Exp.07.09.35) on China Mob T5 H KRW Structured Note,10630.0,,1.2,-0.5,4.6,10,,거래량 급증 / 거래량 8.66배 / 외국인 순매수 우위,,,,,,,,,,,,,,https://markets.hankyung.com/consensus?searchWord=Samsung%20Securities%20Co%20Ltd%202025-11.09.35%20%28Exp.07.09.35%29%20on%20China%20Mob%20T5%20H%20KRW%20Structured%20Note,외국인 순매수 우위,1.0
2026-05-15,한국,570119,Korea Investment & Securities Co Ltd 2026-23.02.29 (Exp.21.02.29) on Solactive S TR 2x S Lev Structured Note,32965.0,,1.2,-0.5,4.2,0,,거래량 급증 / 거래량 6.48배,,,,,,,,,,,,,,,,1.0
2026-05-15,미국,BTCQF,3IQ CORP.,12.5871,,1.18,0.3,3.64,0,Investment Trusts/Mutual Funds,거래량 급증 / 거래량 3.38배,,,,,,,,,,,,,,,,1.0
2026-05-15,한국,580054,KB Securities KB Inverse 2X Soybeans Futures ETN 54,27180.0,,1.18,-0.5,3.84,0,,거래량 급증 / 거래량 6.01배,,,,,,,,,,,,,,,,1.0
2026-05-15,한국,424980,MICRO2NANO INC.,12370.0,76116925392.0,1.18,1.9,2.2,0,Semiconductors,거래량 급증 / 거래량 3.08배,,,,,,,,,,,,,,,,1.0
2026-05-15,미국,POWA,Invesco Bloomberg Pricing Power ETF,86.1358,,1.1,0.3,3.3,0,Investment Trusts/Mutual Funds,거래량 급증 / 거래량 22.76배,,,,,,,,,,,,,,,,1.0
2026-05-15,미국,GGNDF,GN Store Nord A/S,14.6,2125051431.255026,1.1,1.3,2.4,0,Telecommunications Equipment,거래량 급증 / 거래량 18.86배,,,,,,,,,,,,,,,,1.0
2026-05-15,미국,MYHE,State Street My2031 High Yield Corporate Bond ETF,24.93,,1.1,0.3,3.3,0,Investment Trusts/Mutual Funds,거래량 급증 / 거래량 12.54배,,,,,,,,,,,,,,,,1.0
2026-05-15,미국,BBBL,BondBloxx BBB Rated 10+ Year Corporate Bond ETF,47.5515,,1.1,0.3,3.3,0,Investment Trusts/Mutual Funds,거래량 급증 / 거래량 11.16배,,,,,,,,,,,,,,,,1.0
2026-05-15,미국,OBND,State Street Loomis Sayles Opportunistic Bond ETF,25.835,,1.1,0.3,3.3,0,Investment Trusts/Mutual Funds,거래량 급증 / 거래량 8.87배,,,,,,,,,,,,,,,,1.0
2026-05-15,미국,ESGOF,Enstar Group Limited,18.75,,1.1,0.3,3.3,0,Investment Managers,거래량 급증 / 거래량 6.61배,,,,,,,,,,,,,,,,1.0
2026-05-15,미국,FMQQ,FMQQ The Next Frontier Internet ETF,11.3962,,1.1,0.3,3.3,0,Investment Trusts/Mutual Funds,거래량 급증 / 거래량 5.57배,,,,,,,,,,,,,,,,1.0
2026-05-15,미국,WMSB,Weitz Multisector Bond ETF,25.0673,,1.1,0.3,3.3,0,Investment Trusts/Mutual Funds,거래량 급증 / 거래량 5.44배,,,,,,,,,,,,,,,,1.0
2026-05-15,미국,RMME,Rareview Government Money Market ETF,100.17,,1.1,0.3,3.3,0,Investment Trusts/Mutual Funds,거래량 급증 / 거래량 5.05배,,,,,,,,,,,,,,,,1.0
2026-05-15,한국,215620,Heungkuk HK S&P Korea Low Volatility ETF,17605.0,,1.1,0.3,3.3,0,Investment Trusts/Mutual Funds,거래량 급증 / 거래량 7.17배,,,,,,,,,,,,,,,,1.0
2026-05-15,한국,199800,ToolGen Incorporated,96600.0,1127512680817.0,1.1,2.3,1.9,0,Medical Specialties,거래량 급증 / 거래량 2.66배,,,,,,,,,,,,,,,,1.0
2026-05-15,한국,127120,"JS Link, Inc.",35600.0,1400236083984.0,1.1,2.3,1.9,0,Medical/Nursing Services,거래량 급증 / 거래량 2.47배,,,,,,,,,,,,,,,,1.0
2026-05-15,한국,484870,"MNC Solution Co., Ltd.",91400.0,939190155029.0,1.1,2.3,1.9,0,Industrial Machinery,거래량 급증 / 거래량 2.37배,,,,,,,,,,,,,,,,1.0
2026-05-15,한국,023160,TK Corporation,34750.0,904656241322.0,1.1,2.3,1.9,0,Industrial Machinery,거래량 급증 / 거래량 2.30배,,,,,,,,,,,,,,,,1.0
2026-05-15,한국,232530,"Energy Material Technology Co., Ltd.",11900.0,304810235405.0,1.1,2.3,1.9,0,Electrical Products,거래량 급증 / 거래량 2.25배,,,,,,,,,,,,,,,,1.0
2026-05-15,한국,037550,"DL E&C Co., Ltd. cum Pfd Registered Shs",48300.0,3398708839417.0,1.1,2.3,1.9,0,Engineering & Construction,거래량 급증 / 거래량 2.15배,,,,,,,,,,,,,,,,1.0
2026-05-15,미국,FLAG,Global X S&P 500 U.S. Market Leaders Top 50 ETF,27.4383,,1.08,0.3,3.1,0,Investment Trusts/Mutual Funds,거래량 급증 / 거래량 4.75배,,,,,,,,,,,,,,,,1.0
2026-05-15,미국,CAFG,Pacer US Small Cap Cash Cows Growth Leaders ETF,31.1911,,1.08,0.3,3.1,0,Investment Trusts/Mutual Funds,거래량 급증 / 거래량 4.70배,,,,,,,,,,,,,,,,1.0
2026-05-15,미국,DBEZ,Xtrackers MSCI Eurozone Hedged Equity ETF,58.9298,,1.08,0.3,3.1,0,Investment Trusts/Mutual Funds,거래량 급증 / 거래량 4.52배,,,,,,,,,,,,,,,,1.0
2026-05-15,미국,IMSXF,ISHARES V PLC,14.7074,,1.08,0.3,3.1,0,Investment Trusts/Mutual Funds,거래량 급증 / 거래량 4.50배,,,,,,,,,,,,,,,,1.0
2026-05-15,미국,GTPE,Goldman Sachs MSCI World Private Equity Return Tracker ETF,58.41,,1.08,0.3,3.1,0,Investment Trusts/Mutual Funds,거래량 급증 / 거래량 4.47배,,,,,,,,,,,,,,,,1.0
2026-05-15,미국,DDNQ,Innovator Growth-100 Dual Directional 5 Buffer ETF - Quarterly,20.54,,1.08,0.3,3.1,0,Investment Trusts/Mutual Funds,거래량 급증 / 거래량 4.41배,,,,,,,,,,,,,,,,1.0
2026-05-15,미국,SSMG,Virtus Silvant Small/Mid Growth ETF,26.8405,,1.08,0.3,3.1,0,Investment Trusts/Mutual Funds,거래량 급증 / 거래량 4.14배,,,,,,,,,,,,,,,,1.0
2026-05-15,미국,DCCPY,DCC Plc,39.5,6817098178.5273,1.08,1.3,2.2,0,Gas Distributors,거래량 급증 / 거래량 4.11배,,,,,,,,,,,,,,,,1.0
2026-05-15,미국,SMAP,Amplify Small-Mid Cap Equity ETF,26.0999,,1.08,0.3,3.1,0,Investment Trusts/Mutual Funds,거래량 급증 / 거래량 4.09배,,,,,,,,,,,,,,,,1.0
2026-05-15,미국,ARKT,ARK DIET Q4 Buffer ETF,18.91,,1.08,0.3,3.1,0,Investment Trusts/Mutual Funds,거래량 급증 / 거래량 3.88배,,,,,,,,,,,,,,,,1.0
2026-05-15,한국,610039,MERITZ SECURITIES MERITZ INVERSE US TREASURY BOND 30Y ETN(H) 39,14410.0,,1.08,-0.5,3.3,0,,거래량 급증 / 거래량 112.94배 / 외국인+기관 순매도,,,,,,,,,,,,,,https://markets.hankyung.com/consensus?searchWord=MERITZ%20SECURITIES%20MERITZ%20INVERSE%20US%20TREASURY%20BOND%2030Y%20ETN%28H%29%2039,외국인+기관 순매도,1.0
2026-05-15,한국,610040,MERITZ SECURITIES MERITZ INVERSE 2X US TREASURY BOND 30Y ETN(H) 40,17270.0,,1.08,-0.5,3.3,0,,거래량 급증 / 거래량 14.89배 / 외국인+기관 순매도,,,,,,,,,,,,,,https://markets.hankyung.com/consensus?searchWord=MERITZ%20SECURITIES%20MERITZ%20INVERSE%202X%20US%20TREASURY%20BOND%2030Y%20ETN%28H%29%2040,외국인+기관 순매도,1.0
2026-05-15,한국,474220,MIRAE ASSET TIGER US TECH TOP10 TARGET COVERED CALL ETF,16730.0,,1.08,0.3,3.1,0,Investment Trusts/Mutual Funds,거래량 급증 / 거래량 3.04배,,,,,,,,,,,,,,,,1.0
2026-05-15,한국,001830,MIRAE ASSET TIGER US SPACE TECH ETF Units,13895.0,,1.08,0.3,3.34,0,Investment Trusts/Mutual Funds,거래량 급증 / 거래량 2.64배,,,,,,,,,,,,,,,,1.0
2026-05-15,미국,BLZR,Trailblazer Acquisition Corp.,10.1,347187513.0,1.0,0.7,2.4,0,Financial Conglomerates,거래량 급증 / 거래량 34.62배,,,,,,,,,,,,,,,,1.0
2026-05-15,미국,ITRBF,IShares Plc.,538.99,,0.98,0.3,2.4,0,Investment Trusts/Mutual Funds,거래량 급증 / 거래량 69.44배,,,,,,,,,,,,,,,,1.0
2026-05-15,미국,PJIO,PGIM Jennison International Opportunities ETF,63.9166,,0.98,0.3,2.4,0,Investment Trusts/Mutual Funds,거래량 급증 / 거래량 21.50배,,,,,,,,,,,,,,,,1.0
2026-05-15,미국,MTUL,ETRACS 2x Leveraged MSCI US Momentum Factor TR ETN,53.9828,,0.98,0.3,2.4,0,Investment Trusts/Mutual Funds,거래량 급증 / 거래량 8.39배,,,,,,,,,,,,,,,,1.0
2026-05-15,미국,IHSFF,iShares II plc.,259.3042,,0.98,0.3,2.4,0,Investment Trusts/Mutual Funds,거래량 급증 / 거래량 8.30배,,,,,,,,,,,,,,,,1.0
2026-05-15,미국,HRCR,HERSHEY CREAMERY CO,3970.0,,0.98,0.3,2.4,0,Food: Specialty/Candy,거래량 급증 / 거래량 8.18배,,,,,,,,,,,,,,,,1.0
2026-05-15,미국,GXUS,Goldman Sachs MarketBeta Total International Equity ETF,62.7371,,0.98,0.3,2.4,0,Investment Trusts/Mutual Funds,거래량 급증 / 거래량 5.30배,,,,,,,,,,,,,,,,1.0
2026-05-15,한국,472840,IBK IBK KS200 ETF Units,116345.0,,0.98,0.3,2.4,0,Investment Trusts/Mutual Funds,거래량 급증 / 거래량 5.34배,,,,,,,,,,,,,,,,1.0
2026-05-15,한국,001480,MIRAE ASSET TIGER KOREA HUMANOID ROBOT INDUSTRY ETF Units,14365.0,,0.98,0.3,2.8,0,Investment Trusts/Mutual Funds,거래량 급증 / 거래량 2.94배,,,,,,,,,,,,,,,,1.0
2026-05-15,한국,489010,Hanwha PLUS Global AI Infrastructure ETF,23130.0,,0.98,0.3,2.8,0,Investment Trusts/Mutual Funds,거래량 급증 / 거래량 2.93배,,,,,,,,,,,,,,,,1.0
2026-05-15,한국,520082,"Mirae Asset Securities Co., Ltd",15105.0,,0.98,0.3,2.8,0,Investment Banks/Brokers,거래량 급증 / 거래량 2.93배,,,,,,,,,,,,,,,,1.0
2026-05-15,한국,000840,Kiwoom KIWOOM US LargeCap500 Monthly Target Protective Active ETF Units,11125.0,,0.98,0.3,2.8,0,Investment Trusts/Mutual Funds,거래량 급증 / 거래량 2.64배,,,,,,,,,,,,,,,,1.0
2026-05-15,한국,481050,SAMSUNG KODEX 1Y CD Rate Plus Active ETF(SYNTH),1022920.0,,0.98,0.3,2.8,0,Investment Trusts/Mutual Funds,거래량 급증 / 거래량 2.61배,,,,,,,,,,,,,,,,1.0
2026-05-15,한국,269370,MIRAEASSET TIGER SYNTH-S&P GLOBAL INFRASTRUCTURE ETF,19240.0,,0.98,0.3,2.8,0,Investment Trusts/Mutual Funds,거래량 급증 / 거래량 2.60배,,,,,,,,,,,,,,,,1.0
2026-05-15,한국,485690,KB RISE U.S. AI Value Chain TOP3 Plus ETF,24000.0,,0.98,0.3,2.8,0,Investment Trusts/Mutual Funds,거래량 급증 / 거래량 2.54배,,,,,,,,,,,,,,,,1.0
2026-05-15,한국,000480,SAMSUNG KODEX China Humanoid Robot ETF Units,11740.0,,0.98,0.3,2.8,0,Investment Trusts/Mutual Funds,거래량 급증 / 거래량 2.44배,,,,,,,,,,,,,,,,1.0
2026-05-15,한국,399580,KB RISE Global Clean Energy S&P ETF,12705.0,,0.98,0.3,2.8,0,Investment Trusts/Mutual Funds,거래량 급증 / 거래량 2.34배,,,,,,,,,,,,,,,,1.0
2026-05-15,한국,001370,KIWOOM KIWOOM US S&P 500 & GOLD ETF Units,11000.0,,0.98,0.3,2.8,0,Investment Trusts/Mutual Funds,거래량 급증 / 거래량 2.15배,,,,,,,,,,,,,,,,1.0
2026-05-15,한국,480020,KIM ACE US BigTechTOP7plus Daily Target Covered Call ETF(Synth) Units,13395.0,,0.98,0.3,2.8,0,Investment Trusts/Mutual Funds,거래량 급증 / 거래량 2.13배,,,,,,,,,,,,,,,,1.0
2026-05-15,한국,000260,Hana 1Q U.S. SP500 ETF Units,13580.0,,0.98,0.3,2.8,0,Investment Trusts/Mutual Funds,거래량 급증 / 거래량 2.10배,,,,,,,,,,,,,,,,1.0
2026-05-15,한국,272580,Mirae Asset TIGER Short-Term Bond Active Securities ETF,56670.0,,0.98,0.3,2.8,0,Investment Trusts/Mutual Funds,거래량 급증 / 거래량 2.08배,,,,,,,,,,,,,,,,1.0
2026-05-15,한국,458750,MIRAE ASSET TIGER US Dividend +3% Premium ETF Units,13180.0,,0.98,0.3,2.8,0,Investment Trusts/Mutual Funds,거래량 급증 / 거래량 2.08배,,,,,,,,,,,,,,,,1.0
2026-05-15,한국,329670,SAMSUNG KODEX TRF7030 ETF Units,22920.0,,0.98,0.3,2.8,0,Investment Trusts/Mutual Funds,거래량 급증 / 거래량 2.06배,,,,,,,,,,,,,,,,1.0
2026-05-15,한국,448540,KIM ACE NVIDIA30 Blend ETF Units,27460.0,,0.98,0.3,2.8,0,Investment Trusts/Mutual Funds,거래량 급증 / 거래량 2.05배,,,,,,,,,,,,,,,,1.0
2026-05-15,한국,461900,Hanwha ARIRANG US TECH 10 ISelect ETF,24820.0,,0.98,0.3,2.8,0,Investment Trusts/Mutual Funds,거래량 급증 / 거래량 2.05배,,,,,,,,,,,,,,,,1.0
2026-05-15,미국,TMNL,T. Rowe Price Long Municipal Income ETF,50.155,,0.94,0.3,3.1,0,Investment Trusts/Mutual Funds,거래량 급증 / 거래량 4.80배,,,,,,,,,,,,,,,,1.0
2026-05-15,미국,IBTR,iShares iBonds Dec 2036 Term Treasury ETF,24.775,,0.94,0.3,3.1,0,Investment Trusts/Mutual Funds,거래량 급증 / 거래량 4.57배,,,,,,,,,,,,,,,,1.0
2026-05-15,미국,RKTL,Defiance Daily Target 2X Long RKT ETF,12.02,,0.94,0.3,3.34,0,Investment Trusts/Mutual Funds,거래량 급증 / 거래량 2.89배,,,,,,,,,,,,,,,,1.0
2026-05-15,한국,000820,NH-Amundi HANARO Europe Defense ETF Units,10240.0,,0.94,0.3,3.1,0,Investment Trusts/Mutual Funds,거래량 급증 / 거래량 3.99배,,,,,,,,,,,,,,,,1.0
2026-05-15,한국,011390,"BUSAN INDUSTRIAL Co., Ltd.",62000.0,71279999614.0,0.94,1.9,1.9,0,Construction Materials,거래량 급증 / 거래량 2.17배,,,,,,,,,,,,,,,,1.0
2026-05-15,한국,610076,MERITZ SECURITIES MERITZ Inverse 3X US Treasury Bond 10Y Exchange Traded Note 76,50690.0,,0.92,-0.5,3.1,0,,거래량 급증 / 거래량 3.99배,,,,,,,,,,,,,,,,1.0
2026-05-15,미국,RCBC,River City Bank,41.0,594632864.0000001,0.86,0.7,2.4,0,Regional Banks,거래량 급증 / 거래량 62.68배,,,,,,,,,,,,,,,,1.0
2026-05-15,미국,NACB,NATIONAL CAP BANCORP INC.,58.25,67103997.01918976,0.86,0.7,2.4,0,Major Banks,거래량 급증 / 거래량 20.94배,,,,,,,,,,,,,,,,1.0
2026-05-15,미국,TLNC,Talon Capital Corp.,10.2,346585797.9990191,0.86,0.7,2.4,0,Financial Conglomerates,거래량 급증 / 거래량 7.40배,,,,,,,,,,,,,,,,1.0
2026-05-15,미국,PCG/PI,Pacific Gas & Electric Co. 4.36% 1st Preferred Stock,16.51,95190698.0,0.86,0.7,2.4,0,Electric Utilities,거래량 급증 / 거래량 5.72배,,,,,,,,,,,,,,,,1.0
2026-05-15,미국,VNIE,Vontobel International Equity Active ETF,26.3554,,0.84,0.3,2.4,0,Investment Trusts/Mutual Funds,거래량 급증 / 거래량 95.70배,,,,,,,,,,,,,,,,1.0
2026-05-15,미국,FLTW,Franklin FTSE Taiwan ETF,88.78,,0.84,0.3,2.4,0,Investment Trusts/Mutual Funds,거래량 급증 / 거래량 18.29배,,,,,,,,,,,,,,,,1.0
2026-05-15,미국,JHAC,John Hancock Fundamental All Cap Core ETF,14.88,,0.84,0.3,2.4,0,Investment Trusts/Mutual Funds,거래량 급증 / 거래량 17.02배,,,,,,,,,,,,,,,,1.0
2026-05-15,미국,IERNF,IShares Plc.,30.967,,0.84,0.3,2.4,0,Investment Trusts/Mutual Funds,거래량 급증 / 거래량 13.64배,,,,,,,,,,,,,,,,1.0
2026-05-15,미국,IHREF,Ishares III Plc,79.2303,,0.84,0.3,2.4,0,Investment Trusts/Mutual Funds,거래량 급증 / 거래량 13.37배,,,,,,,,,,,,,,,,1.0
2026-05-15,미국,ENHI,iShares Enhanced International Active ETF,26.2956,,0.84,0.3,2.4,0,Investment Trusts/Mutual Funds,거래량 급증 / 거래량 11.02배,,,,,,,,,,,,,,,,1.0
2026-05-15,미국,CARZ,First Trust S-Network Future Vehicles & Technology ETF,114.8216,,0.84,0.3,2.4,0,Investment Trusts/Mutual Funds,거래량 급증 / 거래량 9.80배,,,,,,,,,,,,,,,,1.0
2026-05-15,미국,RB,ProShares Russell 2000 Dynamic Buffer ETF,46.1843,,0.84,0.3,2.4,0,Investment Trusts/Mutual Funds,거래량 급증 / 거래량 9.23배,,,,,,,,,,,,,,,,1.0
2026-05-15,미국,CEGBF,CI INVESTMENTS INC ENHANCED GOVERNMENT BOND ETF,10.3,,0.84,0.3,2.4,0,Investment Trusts/Mutual Funds,거래량 급증 / 거래량 8.42배,,,,,,,,,,,,,,,,1.0
2026-05-15,미국,ISRVF,IShares Plc.,115.5678,,0.84,0.3,2.4,0,Investment Trusts/Mutual Funds,거래량 급증 / 거래량 7.51배,,,,,,,,,,,,,,,,1.0
2026-05-15,미국,DVRE,WEBs Real Estate XLRE Defined Volatility ETF,24.1563,,0.84,0.3,2.4,0,Investment Trusts/Mutual Funds,거래량 급증 / 거래량 5.45배,,,,,,,,,,,,,,,,1.0
2026-05-15,한국,530126,Samsung Securities Samsung Korea Value-up TR Exchange Traded Note 126,36787.0,,0.84,0.3,2.4,0,Investment Banks/Brokers,거래량 급증 / 거래량 5.72배,,,,,,,,,,,,,,,,1.0
2026-05-15,한국,489290,WOORI WON US Billionaire ETF Units,16525.0,,0.84,0.3,2.8,0,Investment Trusts/Mutual Funds,거래량 급증 / 거래량 2.05배,,,,,,,,,,,,,,,,1.0
2026-05-15,한국,465580,KIM ACE US Big Tech TOP 7 Plus ETF Units,26060.0,,0.84,0.3,2.8,0,Investment Trusts/Mutual Funds,거래량 급증 / 거래량 2.02배,,,,,,,,,,,,,,,,1.0
2026-05-15,미국,PIEL,Pacer International Export Leaders ETF,27.7221,,0.82,0.3,2.2,0,Investment Trusts/Mutual Funds,거래량 급증 / 거래량 4.96배,,,,,,,,,,,,,,,,1.0
2026-05-15,미국,MCH,Matthews China Active ETF,29.6154,,0.82,0.3,2.2,0,Investment Trusts/Mutual Funds,거래량 급증 / 거래량 3.97배,,,,,,,,,,,,,,,,1.0
2026-05-15,한국,403790,MIDAS MIDAS KOSPI Active ETF Units,62225.0,,0.82,0.3,2.2,0,Investment Trusts/Mutual Funds,거래량 급증 / 거래량 3.75배,,,,,,,,,,,,,,,,1.0
2026-05-15,한국,580077,KB Securities KB Inverse 2X U.S. NASDAQ 100 TR Exchange Traded Note B 77,13990.0,,0.8,-0.5,3.3,0,,거래량 급증 / 거래량 17.37배 / 외국인+기관 순매도,,,,,,,,,,,,,,https://markets.hankyung.com/consensus?searchWord=KB%20Securities%20KB%20Inverse%202X%20U.S.%20NASDAQ%20100%20TR%20Exchange%20Traded%20Note%20B%2077,외국인+기관 순매도,1.0
2026-05-15,한국,520088,MiraeAsset Securities MiraeAsset SP500 VIX S/T Futures Exchange Traded Note(H) 103,10390.0,,0.8,-0.5,3.3,0,,거래량 급증 / 거래량 5.88배,,,,,,,,,,,,,,,,1.0
2026-05-15,미국,KPRO,KraneShares 100% KWEB Defined Outcome January 2027 ETF,27.4199,,0.7,0.3,2.4,0,Investment Trusts/Mutual Funds,거래량 급증 / 거래량 750.34배,,,,,,,,,,,,,,,,1.0
2026-05-15,미국,IHCRF,Invesco Markets plc,723.3315,,0.7,0.3,2.4,0,Investment Trusts/Mutual Funds,거래량 급증 / 거래량 577.93배,,,,,,,,,,,,,,,,1.0
2026-05-15,미국,TEMD,Templeton Emerging Markets Debt ETF,24.802,,0.7,0.3,2.4,0,Investment Trusts/Mutual Funds,거래량 급증 / 거래량 129.17배,,,,,,,,,,,,,,,,1.0
2026-05-15,미국,MLDR,Global X Intermediate-Term Treasury Ladder ETF,48.6281,,0.7,0.3,2.4,0,Investment Trusts/Mutual Funds,거래량 급증 / 거래량 62.71배,,,,,,,,,,,,,,,,1.0
2026-05-15,미국,ZTRE,F/m 3-Year Investment Grade Corporate Bond ETF,50.7013,,0.7,0.3,2.4,0,Investment Trusts/Mutual Funds,거래량 급증 / 거래량 46.78배,,,,,,,,,,,,,,,,1.0
2026-05-15,미국,VCOB,Voya Core Bond ETF,49.4705,,0.7,0.3,2.4,0,Investment Trusts/Mutual Funds,거래량 급증 / 거래량 32.26배,,,,,,,,,,,,,,,,1.0
2026-05-15,미국,TIPD,Northern Trust 2055 Inflation-Linked Distributing Ladder ETF,99.52,,0.7,0.3,2.4,0,Investment Trusts/Mutual Funds,거래량 급증 / 거래량 24.14배,,,,,,,,,,,,,,,,1.0
2026-05-15,미국,ZTWO,F/m 2-Year Investment Grade Corporate Bond ETF,50.4422,,0.7,0.3,2.4,0,Investment Trusts/Mutual Funds,거래량 급증 / 거래량 21.44배,,,,,,,,,,,,,,,,1.0
2026-05-15,미국,GSIG,Goldman Sachs Access Investment Grade Corporate 1-5 Year Bond ETF,47.2916,,0.7,0.3,2.4,0,Investment Trusts/Mutual Funds,거래량 급증 / 거래량 16.69배,,,,,,,,,,,,,,,,1.0
2026-05-15,미국,MYCL,State Street My2032 Corporate Bond ETF,24.6576,,0.7,0.3,2.4,0,Investment Trusts/Mutual Funds,거래량 급증 / 거래량 13.42배,,,,,,,,,,,,,,,,1.0
2026-05-15,미국,FORH,Formidable ETF,24.9355,,0.7,0.3,2.4,0,Investment Trusts/Mutual Funds,거래량 급증 / 거래량 8.84배,,,,,,,,,,,,,,,,1.0
2026-05-15,미국,LKOR,FlexShares Credit-Scored US Long Corporate Bond Index Fund,41.5,,0.7,0.3,2.4,0,Investment Trusts/Mutual Funds,거래량 급증 / 거래량 8.41배,,,,,,,,,,,,,,,,1.0
2026-05-15,미국,HBDC,Hilton BDC Corporate Bond ETF,24.65,,0.7,0.3,2.4,0,Investment Trusts/Mutual Funds,거래량 급증 / 거래량 8.30배,,,,,,,,,,,,,,,,1.0
2026-05-15,미국,FDNI,First Trust Dow Jones International Internet ETF,27.6003,,0.7,0.3,2.4,0,Investment Trusts/Mutual Funds,거래량 급증 / 거래량 7.33배,,,,,,,,,,,,,,,,1.0
2026-05-15,미국,MBSD,FlexShares Disciplined Duration MBS Index Fund,20.605,,0.7,0.3,2.4,0,Investment Trusts/Mutual Funds,거래량 급증 / 거래량 7.08배,,,,,,,,,,,,,,,,1.0
2026-05-15,미국,EMIF,iShares Emerging Markets Infrastructure ETF,28.0281,,0.7,0.3,2.4,0,Investment Trusts/Mutual Funds,거래량 급증 / 거래량 6.61배,,,,,,,,,,,,,,,,1.0
2026-05-15,미국,GXHGF,GLOBAL X INVESTMENTS CANADA INC. HIGH INTEREST SAVINGS ETF,36.4,,0.7,0.3,2.4,0,Investment Trusts/Mutual Funds,거래량 급증 / 거래량 6.39배,,,,,,,,,,,,,,,,1.0
2026-05-15,미국,IHSZF,iShares II plc.,21.6203,,0.7,0.3,2.4,0,Investment Trusts/Mutual Funds,거래량 급증 / 거래량 6.30배,,,,,,,,,,,,,,,,1.0
2026-05-15,미국,OND,ProShares On-Demand ETF,34.67,,0.7,0.3,2.4,0,Investment Trusts/Mutual Funds,거래량 급증 / 거래량 6.02배,,,,,,,,,,,,,,,,1.0
2026-05-15,미국,USVN,US Treasury 7 Year Note ETF,47.675,,0.7,0.3,2.4,0,Investment Trusts/Mutual Funds,거래량 급증 / 거래량 5.98배,,,,,,,,,,,,,,,,1.0
2026-05-15,미국,IBMU,iShares iBonds Dec 2032 Term Muni Bond ETF,25.2,,0.7,0.3,2.4,0,Investment Trusts/Mutual Funds,거래량 급증 / 거래량 5.15배,,,,,,,,,,,,,,,,1.0
2026-05-15,한국,610073,MERITZ SECURITIES CO LTD 2023-19.10.33 (Exp.17.10.33) on KAP Inverse 2X CNH Structured Note,13600.0,,0.7,0.3,2.4,0,Investment Banks/Brokers,거래량 급증 / 거래량 5.86배,,,,,,,,,,,,,,,,1.0
2026-05-15,한국,451670,KB RISE KTB 30Y Leverage (SYNTH) ETF Units,14355.0,,0.7,0.3,2.4,0,Investment Trusts/Mutual Funds,거래량 급증 / 거래량 5.14배,,,,,,,,,,,,,,,,1.0
2026-05-15,미국,KNRG,Simplify Kayne Anderson Energy and Infrastructure Credit ETF,25.82,,0.68,0.3,2.2,0,Investment Trusts/Mutual Funds,거래량 급증 / 거래량 4.87배,,,,,,,,,,,,,,,,1.0
2026-05-15,미국,LSEQ,Harbor Long-Short Equity ETF,35.4386,,0.68,0.3,2.2,0,Investment Trusts/Mutual Funds,거래량 급증 / 거래량 4.81배,,,,,,,,,,,,,,,,1.0
2026-05-15,미국,PWER,Nomura Energy Transition ETF,44.0546,,0.68,0.3,2.2,0,Investment Trusts/Mutual Funds,거래량 급증 / 거래량 4.74배,,,,,,,,,,,,,,,,1.0
2026-05-15,미국,GEOA,WisdomTree GeoAlpha Opportunities Fund,35.8874,,0.68,0.3,2.2,0,Investment Trusts/Mutual Funds,거래량 급증 / 거래량 4.65배,,,,,,,,,,,,,,,,1.0
2026-05-15,미국,IMSPF,Invesco Markets II plc,69.1046,,0.68,0.3,2.2,0,Investment Trusts/Mutual Funds,거래량 급증 / 거래량 4.26배,,,,,,,,,,,,,,,,1.0
2026-05-15,한국,291890,Samsung KODEX SGX MSCI EM Futures ETF(H) Units,11985.0,,0.68,0.3,2.2,0,Investment Trusts/Mutual Funds,거래량 급증 / 거래량 4.58배,,,,,,,,,,,,,,,,1.0
2026-05-15,한국,000930,KB RISE NVIDIA Fixed Tech100 ETF Units,13625.0,,0.68,0.3,2.2,0,Investment Trusts/Mutual Funds,거래량 급증 / 거래량 4.48배,,,,,,,,,,,,,,,,1.0
2026-05-15,한국,000980,VI FOCUS 200 ETF Units,99122.0,,0.68,0.3,2.2,0,Investment Trusts/Mutual Funds,거래량 급증 / 거래량 3.86배,,,,,,,,,,,,,,,,1.0
2026-05-15,한국,453080,Kiwoom KIWOOM NASDAQ100 ETF(H) Units,22895.0,,0.68,0.3,2.2,0,Investment Trusts/Mutual Funds,거래량 급증 / 거래량 3.38배,,,,,,,,,,,,,,,,1.0
2026-05-15,한국,485540,SAMSUNG KODEX US AI TECH TOP10 ETF Units,17005.0,,0.68,0.3,2.2,0,Investment Trusts/Mutual Funds,거래량 급증 / 거래량 3.19배,,,,,,,,,,,,,,,,1.0
2026-05-15,한국,466930,Shinhan SOL Automobile TOP3 Plus ETF Units,31500.0,,0.68,0.3,2.2,0,Investment Trusts/Mutual Funds,거래량 급증 / 거래량 3.15배,,,,,,,,,,,,,,,,1.0
2026-05-15,한국,500068,Shinhan Securities Shinhan Inverse 2X 10 Year KTB Futures ETN,12110.0,,0.68,-0.5,2.8,0,,거래량 급증 / 거래량 2.93배,,,,,,,,,,,,,,,,1.0
2026-05-15,한국,570063,"Korea Investment & Securities Co., Ltd.",15820.0,,0.68,-0.5,2.8,0,,거래량 급증 / 거래량 2.76배,,,,,,,,,,,,,,,,1.0
2026-05-15,한국,570114,KIS S&P500 VIX S/T Futures ETN(H) B 2025-12.03.27 (Exp.10.03.27) on SP 500 VIX S-T F ER Structured Note,12280.0,,0.64,-0.5,3.1,0,,거래량 급증 / 거래량 4.87배,,,,,,,,,,,,,,,,1.0
2026-05-15,한국,580066,KB India Large Growth Select 5 ETN Structured Note 2025-04.04.30 (Exp.02.04.30) on India L-C Gro S5NTR,10110.0,,0.64,-0.5,3.1,0,,거래량 급증 / 거래량 3.48배,,,,,,,,,,,,,,,,1.0
2026-05-15,미국,BBCQ,Bleichroeder Acquisition Corp. II,10.34,396366663.21999997,0.6,0.7,1.9,0,Financial Conglomerates,거래량 급증 / 거래량 2.78배,,,,,,,,,,,,,,,,1.0
2026-05-15,한국,140700,Samsung KODEX Insurance ETF,17500.0,,0.58,0.3,1.9,0,Investment Trusts/Mutual Funds,거래량 급증 / 거래량 2.66배,,,,,,,,,,,,,,,,1.0
2026-05-15,한국,289250,MIRAE ASSET TIGER MSCI KOREA ESG UNIVERSAL ETF,36455.0,,0.58,0.3,1.9,0,Investment Trusts/Mutual Funds,거래량 급증 / 거래량 2.58배,,,,,,,,,,,,,,,,1.0
2026-05-15,한국,469070,KB RISE AI&Robotics ETF Units,16465.0,,0.58,0.3,1.9,0,Investment Trusts/Mutual Funds,거래량 급증 / 거래량 2.41배,,,,,,,,,,,,,,,,1.0
2026-05-15,한국,401170,KB RISE iSelect METAVERSE ETF,10440.0,,0.58,0.3,1.9,0,Investment Trusts/Mutual Funds,거래량 급증 / 거래량 2.36배,,,,,,,,,,,,,,,,1.0
2026-05-15,한국,168580,KIM ACE China Main Land CSI300 Feeder ETF,38770.0,,0.58,0.3,1.9,0,Investment Trusts/Mutual Funds,거래량 급증 / 거래량 2.32배,,,,,,,,,,,,,,,,1.0
2026-05-15,한국,395160,SAMSUNG KODEX AI Semiconductor TOP2 Plus ETF Units,38365.0,,0.58,0.3,1.9,0,Investment Trusts/Mutual Funds,거래량 급증 / 거래량 2.26배,,,,,,,,,,,,,,,,1.0
2026-05-15,한국,160580,Mirae Asset Tiger Physical Copper ETF,16580.0,,0.58,0.3,1.9,0,Investment Trusts/Mutual Funds,거래량 급증 / 거래량 2.24배,,,,,,,,,,,,,,,,1.0
2026-05-15,한국,229720,SAMSUNG KODEX KTOP30 ETF,39865.0,,0.58,0.3,1.9,0,Investment Trusts/Mutual Funds,거래량 급증 / 거래량 2.22배,,,,,,,,,,,,,,,,1.0
2026-05-15,한국,442550,KB RISE TDF2030 Active Qualifying ETF Units,15110.0,,0.58,0.3,1.9,0,Investment Trusts/Mutual Funds,거래량 급증 / 거래량 2.21배,,,,,,,,,,,,,,,,1.0
2026-05-15,한국,472150,MIRAE ASSET TIGER DIVIDEND COVERED CALL ACTIVE Units,23555.0,,0.58,0.3,1.9,0,Investment Trusts/Mutual Funds,거래량 급증 / 거래량 2.01배,,,,,,,,,,,,,,,,1.0
2026-05-15,미국,TMSF,T. Rowe Price Multi-Sector Income ETF,50.08,,0.54,0.3,2.2,0,Investment Trusts/Mutual Funds,거래량 급증 / 거래량 4.91배,,,,,,,,,,,,,,,,1.0
2026-05-15,미국,NMB,Simplify National Muni Bond ETF,24.5002,,0.54,0.3,2.2,0,Investment Trusts/Mutual Funds,거래량 급증 / 거래량 4.72배,,,,,,,,,,,,,,,,1.0
2026-05-15,미국,ZUSFF,BMO ASSET MANAGEMENT INC,46.73,,0.54,0.3,2.2,0,Investment Trusts/Mutual Funds,거래량 급증 / 거래량 4.53배,,,,,,,,,,,,,,,,1.0
2026-05-15,미국,UPLT,ProShares Ultra Platinum K-1 Free ETF,37.9089,,0.54,0.3,2.2,0,Investment Trusts/Mutual Funds,거래량 급증 / 거래량 4.13배,,,,,,,,,,,,,,,,1.0
2026-05-15,미국,UPAL,ProShares Ultra Palladium K-1 Free ETF,33.4923,,0.54,0.3,2.2,0,Investment Trusts/Mutual Funds,거래량 급증 / 거래량 4.10배,,,,,,,,,,,,,,,,1.0
2026-05-15,한국,700028,Hana Leverage Semiconductor ETN 28,308845.0,,0.54,-0.5,2.4,0,,거래량 급증 / 거래량 7.27배,,,,,,,,,,,,,,,,1.0
2026-05-15,한국,580032,KB Securities KB Leverage Copper Futures ETN(H) 32,24975.0,,0.54,-0.5,2.4,0,,거래량 급증 / 거래량 6.86배,,,,,,,,,,,,,,,,1.0
2026-05-15,한국,530124,Samsung Securities Samsung Leverage Japan Nikkei 225 Futures Exchange Traded Note(H) 124,46415.0,,0.54,-0.5,2.4,0,,거래량 급증 / 거래량 5.27배,,,,,,,,,,,,,,,,1.0
2026-05-15,한국,266550,Hanwha PLUS Midcap LowVol50 ETF,20305.0,,0.54,0.3,2.2,0,Investment Trusts/Mutual Funds,거래량 급증 / 거래량 4.22배,,,,,,,,,,,,,,,,1.0
2026-05-15,한국,302190,MIRAE ASSET TIGER KTB 3-10 ETF,49770.0,,0.54,0.3,2.2,0,Investment Trusts/Mutual Funds,거래량 급증 / 거래량 4.05배,,,,,,,,,,,,,,,,1.0
2026-05-15,한국,114470,Kiwoom KIWOOM KTB ETF(Fixed Income) Units,107835.0,,0.54,0.3,2.2,0,Investment Trusts/Mutual Funds,거래량 급증 / 거래량 4.01배,,,,,,,,,,,,,,,,1.0
2026-05-15,한국,610055,MERITZ SECURITIES MERITZ 3X Leverage KTB 3Y ETN 55,21655.0,,0.54,0.3,2.2,0,Investment Banks/Brokers,거래량 급증 / 거래량 4.00배,,,,,,,,,,,,,,,,1.0
2026-05-15,한국,438570,Shinhan SOL Korea Treasury Bond 10Y ETF Units,97745.0,,0.54,0.3,2.2,0,Investment Trusts/Mutual Funds,거래량 급증 / 거래량 3.82배,,,,,,,,,,,,,,,,1.0
2026-05-15,한국,481430,KB RISE 10-Years Treasury Bond Active ETF Units,97720.0,,0.54,0.3,2.2,0,Investment Trusts/Mutual Funds,거래량 급증 / 거래량 3.51배,,,,,,,,,,,,,,,,1.0
2026-05-15,한국,363570,SAMSUNG KODEX Active Long Term Korea Total Bond Market(AA-) ETF,88415.0,,0.54,0.3,2.2,0,Investment Trusts/Mutual Funds,거래량 급증 / 거래량 3.41배,,,,,,,,,,,,,,,,1.0
2026-05-15,한국,520097,MiraeAsset Securities Miraeasset 1.5X S&P500 VIX S/T Futures ETN 112 Structured Note 2026-07.04.28 (Exp.05.04.28),21060.0,,0.54,-0.5,2.8,0,,거래량 급증 / 거래량 2.88배,,,,,,,,,,,,,,,,1.0
2026-05-15,한국,570115,KIS -0.5X S&P500 VIX S/T Futures ETN B 2025-12.03.27 (Exp.10.03.27) on SP 500VIX S-T F 0.5xID Structured Note,20485.0,,0.54,-0.5,2.8,0,,거래량 급증 / 거래량 2.56배,,,,,,,,,,,,,,,,1.0
2026-05-15,한국,500069,Shinhan Securities Shinhan Leverage KOSPI 200 Futures ETN 69,258260.0,,0.52,-0.5,2.2,0,,거래량 급증 / 거래량 4.85배,,,,,,,,,,,,,,,,1.0
2026-05-15,한국,412770,MIRAE ASSET TIGER GLOBAL AI FLATFORM ACTIVE ETF Units,14305.0,,0.44,0.3,1.9,0,Investment Trusts/Mutual Funds,거래량 급증 / 거래량 2.83배,,,,,,,,,,,,,,,,1.0
2026-05-15,한국,442090,ASSETPLUS Assetplus Korea Blacksmith Active ETF Units,32700.0,,0.44,0.3,1.9,0,Investment Trusts/Mutual Funds,거래량 급증 / 거래량 2.83배,,,,,,,,,,,,,,,,1.0
2026-05-15,한국,139290,Mirae Asset Tiger Consumer Discretionary ETF,33500.0,,0.44,0.3,1.9,0,Investment Trusts/Mutual Funds,거래량 급증 / 거래량 2.81배,,,,,,,,,,,,,,,,1.0
2026-05-15,한국,185680,Samsung KODEX SYNTH-US Biotech ETF,42695.0,,0.44,0.3,1.9,0,Investment Trusts/Mutual Funds,거래량 급증 / 거래량 2.79배,,,,,,,,,,,,,,,,1.0
2026-05-15,한국,464600,Shinhan SOL Automobile Materials Equipment ETF Units,26820.0,,0.44,0.3,1.9,0,Investment Trusts/Mutual Funds,거래량 급증 / 거래량 2.64배,,,,,,,,,,,,,,,,1.0
2026-05-15,한국,001050,Shinhan SOL Korea AI Software ETF Units,10650.0,,0.44,0.3,1.9,0,Investment Trusts/Mutual Funds,거래량 급증 / 거래량 2.55배,,,,,,,,,,,,,,,,1.0
2026-05-15,한국,449680,MIRAE ASSET TIGER SYNTH KOREA-CHINA EV ETF Units,15250.0,,0.44,0.3,1.9,0,Investment Trusts/Mutual Funds,거래량 급증 / 거래량 2.55배,,,,,,,,,,,,,,,,1.0
2026-05-15,한국,407310,NH-Amundi HANARO 200 TOP10 ETF Units,19450.0,,0.44,0.3,1.9,0,Investment Trusts/Mutual Funds,거래량 급증 / 거래량 2.43배,,,,,,,,,,,,,,,,1.0
2026-05-15,한국,315930,Samsung KODEX Top5Plus Total Return ETF,87345.0,,0.44,0.3,1.9,0,Investment Trusts/Mutual Funds,거래량 급증 / 거래량 2.40배,,,,,,,,,,,,,,,,1.0
2026-05-15,한국,445290,SAMSUNG KODEX Robot Active ETF Units,41200.0,,0.44,0.3,1.9,0,Investment Trusts/Mutual Funds,거래량 급증 / 거래량 2.39배,,,,,,,,,,,,,,,,1.0
2026-05-15,한국,530115,Samsung Securities Co Ltd 2023-23.10.26 (Exp.21.10.26) on Nasdaq 100 L Total R Structured Note,72735.0,,0.44,0.3,1.9,0,Investment Banks/Brokers,거래량 급증 / 거래량 2.35배,,,,,,,,,,,,,,,,1.0
2026-05-15,한국,530117,Samsung Securities Samsung KOSPI 200 TR Exchange Traded Note 117,36150.0,,0.44,0.3,1.9,0,Investment Banks/Brokers,거래량 급증 / 거래량 2.28배,,,,,,,,,,,,,,,,1.0
2026-05-15,한국,466950,MIRAE ASSET TIGER GLOBAL AI ACTIVE ETF Units,36550.0,,0.44,0.3,1.9,0,Investment Trusts/Mutual Funds,거래량 급증 / 거래량 2.26배,,,,,,,,,,,,,,,,1.0
2026-05-15,한국,244670,Samsung KODEX Value PLUS ETF,13115.0,,0.44,0.3,1.9,0,Investment Trusts/Mutual Funds,거래량 급증 / 거래량 2.24배,,,,,,,,,,,,,,,,1.0
2026-05-15,한국,428510,SAMSUNG KODEX China AI Tech Active ETF Units,27055.0,,0.44,0.3,1.9,0,Investment Trusts/Mutual Funds,거래량 급증 / 거래량 2.23배,,,,,,,,,,,,,,,,1.0
2026-05-15,한국,243880,MIRAE ASSET TIGER 200 IT LEVERAGE ETF,502795.0,,0.44,0.3,1.9,0,Investment Trusts/Mutual Funds,거래량 급증 / 거래량 2.16배,,,,,,,,,,,,,,,,1.0
2026-05-15,한국,138540,Mirae Asset Tiger Hyundai Motor Group ETF,72795.0,,0.44,0.3,1.9,0,Investment Trusts/Mutual Funds,거래량 급증 / 거래량 2.12배,,,,,,,,,,,,,,,,1.0
2026-05-15,한국,478150,TIMEFOLIO TIME GLOBAL SPACETECH AND DEFENSE ACTIVE ETF Units,22835.0,,0.44,0.3,1.9,0,Investment Trusts/Mutual Funds,거래량 급증 / 거래량 2.11배,,,,,,,,,,,,,,,,1.0
2026-05-15,한국,252650,Samsung KODEX 200 Equalweight ETF,21165.0,,0.44,0.3,1.9,0,Investment Trusts/Mutual Funds,거래량 급증 / 거래량 2.10배,,,,,,,,,,,,,,,,1.0
2026-05-15,한국,001550,NH-Amundi HANARO K Humanoid Theme Top10 ETF Units,11230.0,,0.44,0.3,1.9,0,Investment Trusts/Mutual Funds,거래량 급증 / 거래량 2.05배,,,,,,,,,,,,,,,,1.0
2026-05-15,한국,414780,MIRAE ASSET TIGER SYNTH-CHINA STAR50 ETF Units,15240.0,,0.44,0.3,1.9,0,Investment Trusts/Mutual Funds,거래량 급증 / 거래량 2.04배,,,,,,,,,,,,,,,,1.0
2026-05-15,한국,000430,TIMEFOLIO TIME China AI Tech Active ETF Units,21665.0,,0.44,0.3,1.9,0,Investment Trusts/Mutual Funds,거래량 급증 / 거래량 2.04배,,,,,,,,,,,,,,,,1.0
2026-05-15,한국,760012,"KIWOOM Securities Co., Ltd.",37810.0,,0.44,0.3,1.9,0,Investment Banks/Brokers,거래량 급증 / 거래량 2.01배,,,,,,,,,,,,,,,,1.0
2026-05-15,한국,298770,Samsung KODEX Korea Taiwan IT Premier ETF,80460.0,,0.44,0.3,1.9,0,Investment Trusts/Mutual Funds,거래량 급증 / 거래량 2.00배,,,,,,,,,,,,,,,,1.0
2026-05-15,한국,570110,Korea Investment & Securities Co Ltd 2024-24.11.34 (Exp.22.11.34) on KAPLeverage KTB 30Y Structured Note,20970.0,,0.4,-0.5,2.4,0,,거래량 급증 / 거래량 7.37배,,,,,,,,,,,,,,,,1.0
2026-05-15,한국,500071,Shinhan Securities Shinhan Leverage KOSDAQ 150 Futures ETN 71,51435.0,,0.4,-0.5,2.4,0,,거래량 급증 / 거래량 7.33배,,,,,,,,,,,,,,,,1.0
2026-05-15,한국,610100,Meritz Securities Meritz 2X Silver Futures ETN (H) 100,13590.0,,0.4,-0.5,2.4,0,,거래량 급증 / 거래량 7.20배,,,,,,,,,,,,,,,,1.0
2026-05-15,한국,610096,Meritz Securities Meritz -2X Natural Gas Futures ETN(H) 96,11220.0,,0.4,-0.5,2.4,0,,거래량 급증 / 거래량 6.23배,,,,,,,,,,,,,,,,1.0
2026-05-15,한국,760008,Kiwoom Securities Kiwoom KOSDAQ 150 TR ETN 8,13885.0,,0.4,-0.5,2.4,0,,거래량 급증 / 거래량 5.84배,,,,,,,,,,,,,,,,1.0
2026-05-15,한국,570059,"Korea Investment & Securities Co., Ltd.",109195.0,,0.4,-0.5,2.4,0,,거래량 급증 / 거래량 5.33배,,,,,,,,,,,,,,,,1.0
2026-05-15,한국,520075,MiraeAsset Securities MiraeAsset Leverage US Defense Industry TOP3 Exchange Traded Note 90,35655.0,,0.4,-0.5,2.8,0,,거래량 급증 / 거래량 2.15배,,,,,,,,,,,,,,,,1.0
2026-05-15,한국,530130,Samsung Securities Samsung SP500 VIX S/T Futures Exchange Traded Note B 130,12455.0,,0.4,-0.5,2.8,0,,거래량 급증 / 거래량 2.13배,,,,,,,,,,,,,,,,1.0
2026-05-15,한국,570022,Korea Investment & Securities TRUE leverage S&P500 futures ETN(H) 22,55680.0,,0.38,-0.5,2.2,0,,거래량 급증 / 거래량 4.65배,,,,,,,,,,,,,,,,1.0
2026-05-15,한국,570071,Korea Investment & Securities TRUE Copper Futures ETN 71 2021-28.10.26 (Exp.26.10.26) on Bloomberg Structured Note,18682.0,,0.38,-0.5,2.2,0,,거래량 급증 / 거래량 3.12배,,,,,,,,,,,,,,,,1.0
2026-05-15,한국,456680,MIRAE ASSET TIGER SYNTH-China EV LEVERAGE ETF Units,12005.0,,0.3,0.3,1.9,0,Investment Trusts/Mutual Funds,거래량 급증 / 거래량 2.92배,,,,,,,,,,,,,,,,1.0
2026-05-15,한국,451540,MIRAE ASSET TIGER AGGREGATE BOND ACTIVE ETF Units,53090.0,,0.3,0.3,1.9,0,Investment Trusts/Mutual Funds,거래량 급증 / 거래량 2.88배,,,,,,,,,,,,,,,,1.0
2026-05-15,한국,225050,MIRAE ASSET TIGER SYNTH-EURO STOXX 50 LEVERAGE ETF(H),13975.0,,0.3,0.3,1.9,0,Investment Trusts/Mutual Funds,거래량 급증 / 거래량 2.74배,,,,,,,,,,,,,,,,1.0
2026-05-15,한국,610061,MERITZ SECURITIES MERITZ 3X Leverage KTB 30Y ETN 61,30045.0,,0.3,0.3,1.9,0,Investment Banks/Brokers,거래량 급증 / 거래량 2.62배,,,,,,,,,,,,,,,,1.0
2026-05-15,한국,000530,THEJ THEJ mid-small Focus Active ETF Units,15545.0,,0.3,0.3,1.9,0,Investment Trusts/Mutual Funds,거래량 급증 / 거래량 2.51배,,,,,,,,,,,,,,,,1.0
2026-05-15,한국,153130,Samsung KODEX KRW Cash ETF,113140.0,,0.3,0.3,1.9,0,Investment Trusts/Mutual Funds,거래량 급증 / 거래량 2.48배,,,,,,,,,,,,,,,,1.0
2026-05-15,한국,139240,Mirae Asset Tiger Steels & Materials ETF,14740.0,,0.3,0.3,1.9,0,Investment Trusts/Mutual Funds,거래량 급증 / 거래량 2.46배,,,,,,,,,,,,,,,,1.0
2026-05-15,한국,451530,MIRAE ASSET TIGER TREASURY 30YR STRIPS BOND ACTIVE ETF,40580.0,,0.3,0.3,1.9,0,Investment Trusts/Mutual Funds,거래량 급증 / 거래량 2.44배,,,,,,,,,,,,,,,,1.0
2026-05-15,한국,439870,SAMSUNG KODEX 30-Years Treasury Bond Active ETF Units,93345.0,,0.3,0.3,1.9,0,Investment Trusts/Mutual Funds,거래량 급증 / 거래량 2.33배,,,,,,,,,,,,,,,,1.0
2026-05-15,한국,225130,KIM ACE Synth-Gold Futures Leverage ETF(H),55300.0,,0.3,0.3,1.9,0,Investment Trusts/Mutual Funds,거래량 급증 / 거래량 2.29배,,,,,,,,,,,,,,,,1.0
2026-05-15,한국,610059,MERITZ SECURITIES MERITZ 3X Leverage KTB 10Y ETN 59,17555.0,,0.3,0.3,1.9,0,Investment Banks/Brokers,거래량 급증 / 거래량 2.29배,,,,,,,,,,,,,,,,1.0
2026-05-15,한국,152380,Samsung KODEX 10Y F-LKTB ETF,64640.0,,0.3,0.3,1.9,0,Investment Trusts/Mutual Funds,거래량 급증 / 거래량 2.26배,,,,,,,,,,,,,,,,1.0
2026-05-15,한국,500029,Shinhan Securities Shinhan Leverage Silver Futures ETN(H) 29,33850.0,,0.3,0.3,1.9,0,Investment Trusts/Mutual Funds,거래량 급증 / 거래량 2.25배,,,,,,,,,,,,,,,,1.0
2026-05-15,한국,245360,MIRAE ASSET TIGER CHINA H-SHARE ETF,13570.0,,0.3,0.3,1.9,0,Investment Trusts/Mutual Funds,거래량 급증 / 거래량 2.24배,,,,,,,,,,,,,,,,1.0
2026-05-15,한국,278240,KB RISE F-KOSDAQ150 Leverage ETF Units,16965.0,,0.3,0.3,1.9,0,Investment Trusts/Mutual Funds,거래량 급증 / 거래량 2.21배,,,,,,,,,,,,,,,,1.0
2026-05-15,한국,471230,SAMSUNG KODEX 10-Years Treasury Bond Active ETF Units,103550.0,,0.3,0.3,1.9,0,Investment Trusts/Mutual Funds,거래량 급증 / 거래량 2.10배,,,,,,,,,,,,,,,,1.0
2026-05-15,한국,500085,Shinhan KOSPI 200 ETN,35820.0,,0.28,-0.5,1.9,0,,거래량 급증 / 거래량 2.24배,,,,,,,,,,,,,,,,1.0
2026-05-15,한국,580079,KB Securities KB Leverage Silver Futures Listed Index Securities No. 79,14305.0,,0.24,-0.5,2.2,0,,거래량 급증 / 거래량 3.95배,,,,,,,,,,,,,,,,1.0
2026-05-15,한국,570069,Korea Investment & Securities TRUE Leverage Platinum Futures ETN 69,47200.0,,0.24,-0.5,2.2,0,,거래량 급증 / 거래량 3.67배,,,,,,,,,,,,,,,,1.0
2026-05-15,한국,530137,Samsung Securities Samsung KRX Secondary Battery TOP10 TR Exchange Traded Note 137,16190.0,,0.24,-0.5,2.2,0,,거래량 급증 / 거래량 3.34배,,,,,,,,,,,,,,,,1.0
2026-05-15,한국,580065,"KB Securities co., Ltd. 2024-13.10.34 (Exp.11.10.34) on KOSDQ 150 TR Structured Note",14355.0,,0.24,-0.5,2.2,0,,거래량 급증 / 거래량 3.12배,,,,,,,,,,,,,,,,1.0
2026-05-15,한국,580053,KB Securities KB Leverage Soybeans Futures ETN 53,16995.0,,0.14,-0.5,1.9,0,,거래량 급증 / 거래량 2.39배,,,,,,,,,,,,,,,,1.0
2026-05-15,한국,570100,Hantoo Japanese General Trading Company TOP 5 ETN,26180.0,,0.14,-0.5,1.9,0,,거래량 급증 / 거래량 2.38배,,,,,,,,,,,,,,,,1.0
2026-05-15,한국,550089,NH QV Monthly Leverage F-KOSPI 200 Exchange Traded Note 89,165080.0,,0.14,-0.5,1.9,0,,거래량 급증 / 거래량 2.16배,,,,,,,,,,,,,,,,1.0
2026-05-15,한국,580034,KB Securities KB Leverage FANG Plus ETN(H) 34,89810.0,,0.14,-0.5,1.9,0,,거래량 급증 / 거래량 2.07배,,,,,,,,,,,,,,,,1.0
2026-05-15,한국,580082,KB 2X Semiconductor TOP10 TR ETN 2026-31.03.31 (Exp.27.03.31) on FnGuide Semi T10 L Structured Note,50315.0,,0.0,-0.5,1.9,0,,거래량 급증 / 거래량 2.99배,,,,,,,,,,,,,,,,1.0
2026-05-15,한국,610078,MERITZ SECURITIES MERITZ 3X Leverage US Treasury Bond 30Y Exchange Traded Note 78,43100.0,,0.0,-0.5,1.9,0,,거래량 급증 / 거래량 2.60배,,,,,,,,,,,,,,,,1.0
2026-05-15,한국,580043,"KB Securities co.,Ltd. Structured Note 2022-18.10.27 (Exp.14.10.27) on KOSDAQ 150 F TWAP Lev",51165.0,,0.0,-0.5,1.9,0,,거래량 급증 / 거래량 2.50배,,,,,,,,,,,,,,,,1.0
2026-05-15,한국,760025,Kiwoom Securities Kiwoom Electric Power TOP5 ETN 25,16615.0,,0.0,-0.5,1.9,0,,거래량 급증 / 거래량 2.27배,,,,,,,,,,,,,,,,1.0
2026-05-15,한국,500100,"Shinhan Securities Co., Ltd. 2025-10.09.35 (Exp.06.09.35) on DJCI Gold TR Structured Note",13445.0,,0.0,-0.5,1.9,0,,거래량 급증 / 거래량 2.15배,,,,,,,,,,,,,,,,1.0
2026-05-15,한국,530119,Samsung Securities Co Ltd 2024-22.01.27 (Exp.20.01.27) on HSTECH TR 2X Leveraged Structured Note,27915.0,,0.0,-0.5,1.9,0,,거래량 급증 / 거래량 2.12배,,,,,,,,,,,,,,,,1.0
2026-05-15,한국,570061,"Korea Investment & Securities Co., Ltd.",86180.0,,0.0,-0.5,1.9,0,,거래량 급증 / 거래량 2.04배,,,,,,,,,,,,,,,,1.0
